-- MySQL Migration from SQLite
-- Source: project_management.db
-- Generated: 2026-07-03T09:13:11.485071
-- Total tables: 13

SET NAMES utf8mb4;
SET FOREIGN_KEY_CHECKS = 0;

-- ===== contract_id_mapping (35 rows) =====
DROP TABLE IF EXISTS `contract_id_mapping`;
CREATE TABLE `contract_id_mapping` (
`project_id_zh` TEXT,
  project_id_zh TEXT PRIMARY KEY,,
`project_id_sgsc` TEXT,
  project_id_sgsc TEXT,,
`financial_id` TEXT,
  financial_id TEXT,,
`project_name` TEXT,
  project_name TEXT,,
`last_verified` DATETIME,
  last_verified TIMESTAMP,,
`source` TEXT
) ENGINE=InnoDB DEFAULT CHARSET=utf8mb4 COLLATE=utf8mb4_unicode_ci;

-- contract_id_mapping: 35 rows
INSERT INTO `contract_id_mapping` (`0`, `1`, `2`, `3`, `4`, `5`) VALUES
('ZH02-202604021', 'SGSCAB00HLJS2600427', NULL, '基于视觉高斯三维建模的高海拔山地输配电线路走廊树障风险预判技术研究', NULL, 'auto_mapping'),
('ZH02-202604025', 'SGSCCD', NULL, '基于生成式大语言模型的变电站保护定值及压板自动核对技术研究', NULL, 'auto_mapping'),
(NULL, 'SGSCCD00CYJS240162', NULL, '国网四川成都供电公司超高压运检中心2024年GIS设备X射线图谱库应用合同', NULL, 'auto_mapping'),
('ZH02-202604024', 'SGSCCD00XJS2600530', NULL, '基于无线电侦测和诱骗的变电站站域无人机风险防范关键技术研究', NULL, 'auto_mapping'),
(NULL, 'SGSCCD00XMJS250076', NULL, '基于计算机视觉和自主学习的高压电缆中间接头施工质量在线识别科学技术项目', NULL, 'auto_mapping'),
('ZH02-202408007', 'SGSCCD0OJYJS240131', NULL, '新型电力系统背景下虚拟电厂控制策略及运行方法研究-正式合同', NULL, 'auto_mapping'),
(NULL, 'SGSCDK00XTJS250033', NULL, '基于大语言模型的电网稳定断面限额语义识别与公式生成系统研发合同', NULL, 'auto_mapping'),
(NULL, 'SGSCDKOOSDJS250028', NULL, '国网四川电科院2025年川西高原冻融区域排查技术服务（签署版', NULL, 'auto_mapping'),
(NULL, 'SGSCDY00SQJS250103', NULL, '合同原件（国网德阳供电公司市区供电中心2025年农村供电所台区供电可靠性分析及优化提升服务', NULL, 'auto_mapping'),
('ZH02-202604018', 'SGSCGRDNSCJS250103', NULL, '合同：眉山多能国网四川眉山供电公司输变电运检中心220kv福枣线等线路北斗地灾监测装置大修技术服务合同', NULL, 'auto_mapping'),
(NULL, 'SGSCGYJGBGJS250059', NULL, '国网剑阁县供电公司2025年武连、汉阳、东宝宗地图测绘服务', NULL, 'auto_mapping'),
(NULL, 'SGSCLSOOSDJS250072', NULL, '国网四川乐山供电公司2025年输电线路覆冰拉力监测装置北斗通信功能升级技术服务合同', NULL, 'auto_mapping'),
(NULL, 'SGSCLZ00DDJS260028', NULL, '国网泸州供电公司2026年电网仿真数据平台和分析程序升级技术服务', NULL, 'auto_mapping'),
('ZH02-202512058', 'SGSCMSDPJHJS250035', NULL, '技术服务合同- 国网眉山供电公司东坡供电中心2025年城网供电能力辅助分析提升服务', NULL, 'auto_mapping'),
(NULL, 'SGSCYA00GYJS2500409', NULL, '国网雅安供电公司2025年区域变电站预警能力提升咨询服务', NULL, 'auto_mapping'),
('ZH02-202601001', 'SGSCYAYJFDJS2600002', 'SGSCSDGXFZJS2600011', '国网雅安电力（集团）公司2026年花滩电站大坝内外部观测及维护技术服务', NULL, 'auto_mapping'),
(NULL, 'SGSCZYAYYJJS250019', NULL, '国网四川资阳安岳供电公司2025年110kV镇子变电站电力气象功能完善技术服务', NULL, 'auto_mapping'),
('ZH02-202512056', 'SGSCYA00GYJS2500409', NULL, 'ZH02-202512056-国网雅安供电公司 2025 年区域变电站预警能力提升咨询服务技术服务合同', NULL, 'amount_match'),
('SYS-202607-001', 'SGSCCD00CYJS240162', NULL, '国网四川成都供电公司超高压运检中心2024年GIS设备X射线图谱库应用合同', NULL, 'system_id'),
('SYS-202607-002', 'SGSCCD00XMJS250076', NULL, '基于计算机视觉和自主学习的高压电缆中间接头施工质量在线识别科学技术项目', NULL, 'system_id'),
('SYS-202607-003', 'SGSCCD0OJYJS240131', NULL, '新型电力系统背景下虚拟电厂控制策略及运行方法研究-正式合同', NULL, 'system_id'),
('SYS-202607-004', 'SGSCDK00XTJS250033', NULL, '基于大语言模型的电网稳定断面限额语义识别与公式生成系统研发合同', NULL, 'system_id'),
('SYS-202607-005', 'SGSCDKOOSDJS250028', NULL, '国网四川电科院2025年川西高原冻融区域排查技术服务（签署版', NULL, 'system_id'),
('SYS-202607-006', 'SGSCDY00SQJS250103', NULL, '合同原件（国网德阳供电公司市区供电中心2025年农村供电所台区供电可靠性分析及优化提升服务', NULL, 'system_id'),
('SYS-202607-007', 'SGSCGRDNSCJS250103', NULL, '合同：眉山多能国网四川眉山供电公司输变电运检中心220kv福枣线等线路北斗地灾监测装置大修技术服务合同', NULL, 'system_id'),
('SYS-202607-008', 'SGSCGYJGBGJS250059', NULL, '国网剑阁县供电公司2025年武连、汉阳、东宝宗地图测绘服务', NULL, 'system_id'),
('SYS-202607-009', 'SGSCLSOOSDJS250072', NULL, '国网四川乐山供电公司2025年输电线路覆冰拉力监测装置北斗通信功能升级技术服务合同', NULL, 'system_id'),
('SYS-202607-010', 'SGSCLZ00DDJS260028', NULL, '国网泸州供电公司2026年电网仿真数据平台和分析程序升级技术服务', NULL, 'system_id'),
('SYS-202607-011', 'SGSCMSDPJHJS250035', NULL, '技术服务合同- 国网眉山供电公司东坡供电中心2025年城网供电能力辅助分析提升服务', NULL, 'system_id'),
('SYS-202607-012', 'SGSCZYAYYJJS250019', NULL, '国网四川资阳安岳供电公司2025年110kV镇子变电站电力气象功能完善技术服务', NULL, 'system_id'),
('SYS-202607-013', 'SGSCYAYJFDJS2600002', NULL, '国网雅安电力（集团）公司2026年花滩电站大坝内外部观测及维护技术服务', NULL, 'system_id'),
('SYS-202607-014', 'SGSCYA00GYJS2500409', NULL, '国网雅安供电公司2025年区域变电站预警能力提升咨询服务', NULL, 'system_id'),
('SYS-202607-015', 'SGSCCD00XJS2600530', NULL, '基于无线电侦测和诱骗的变电站站域无人机风险防范关键技术研究', NULL, 'system_id'),
('SYS-202607-016', 'SGSCAB00HLJS2600427', NULL, '基于视觉高斯三维建模的高海拔山地输配电线路走廊树障风险预判技术研究', NULL, 'system_id'),
('SYS-202607-017', 'SGSCCD', NULL, '基于生成式大语言模型的变电站保护定值及压板自动核对技术研究', NULL, 'system_id');

-- ===== contract_type_attributes (40 rows) =====
DROP TABLE IF EXISTS `contract_type_attributes`;
CREATE TABLE `contract_type_attributes` (
`contract_id` TEXT,
  contract_id TEXT PRIMARY KEY,,
`contract_category` TEXT NOT NULL,
  contract_category TEXT NOT NULL,,
`delivery_schedule` TEXT,
  delivery_schedule TEXT,,
`construction_milestones` TEXT,
  construction_milestones TEXT,,
`price_schedule` TEXT,
  price_schedule TEXT,,
`procurement_items` TEXT,
  procurement_items TEXT,,
`safety_requirements` TEXT,
  safety_requirements TEXT,,
`change_orders` TEXT,
  change_orders TEXT,,
`sub_orders` TEXT,
  sub_orders TEXT,,
`attributes_json` TEXT,
  attributes_json TEXT,,
`created_at` DATETIME  DEFAULT CURRENT_TIMESTAMP,
  created_at TIMESTAMP DEFAULT CURRENT_TIMESTAMP,,
`FOREIGN` TEXT
) ENGINE=InnoDB DEFAULT CHARSET=utf8mb4 COLLATE=utf8mb4_unicode_ci;

-- contract_type_attributes: 40 rows
INSERT INTO `contract_type_attributes` (`0`, `1`, `2`, `3`, `4`, `5`, `6`, `7`, `8`, `9`, `10`) VALUES
('ZH02-202408007', '科研类', NULL, NULL, NULL, NULL, NULL, NULL, NULL, '{"content": "提出虚拟电厂多元能源规划及协同控制策略；制定虚拟电厂跨区域分布式调度策略；形成虚拟电厂与配电网交互策略及评价体系；论文3篇；专利4项；软件著作权1项；技术报告1份。", "period": null}', '2026-07-01 06:02:08'),
('ZH02-202508019', '服务类', NULL, NULL, NULL, NULL, NULL, NULL, NULL, '{"content": "49个监测点单北斗改造", "period": null}', '2026-07-01 06:02:08'),
('ZH02-202512058', '科研类', NULL, NULL, NULL, NULL, NULL, NULL, NULL, '{"content": "基础资料收集整理；城网7个供电网格配电网承载能力研究；十五五期间负荷发展研究；供电能力提升策略研究。", "period": null}', '2026-07-01 06:02:08'),
('ZH02-202512057', '服务类', NULL, NULL, NULL, NULL, NULL, NULL, NULL, '{"content": "500kV建叙一二线等线路覆冰预测技术服务", "period": null}', '2026-07-01 06:02:08'),
('ZH02-202602014', '物资类', NULL, NULL, NULL, NULL, NULL, NULL, NULL, '{"content": "变电站二次设备软件维护技术支持服务", "period": null}', '2026-07-01 06:02:08'),
('SGSCCD00CYJS240162', '物资类', NULL, NULL, NULL, NULL, NULL, NULL, NULL, '{"content": "", "period": "合同签订之日起至2024年12月31日。"}', '2026-07-01 06:02:08'),
('SGSCCD00XMJS250076', '施工类', NULL, NULL, NULL, NULL, NULL, NULL, NULL, '{"content": "", "period": ""}', '2026-07-01 06:02:08'),
('SGSCCD0OJYJS240131', '科研类', NULL, NULL, NULL, NULL, NULL, NULL, NULL, '{"content": "", "period": ""}', '2026-07-01 06:02:08'),
('SGSCDK00XTJS250033', '科研类', NULL, NULL, NULL, NULL, NULL, NULL, NULL, '{"content": "", "period": ""}', '2026-07-01 06:02:08'),
('SGSCDKOOSDJS250028', '服务类', NULL, NULL, NULL, NULL, NULL, NULL, NULL, '{"content": "", "period": "合同签订之日起至2025年12月31日。"}', '2026-07-01 06:02:08'),
('SGSCDY00SQJS250103', '服务类', NULL, NULL, NULL, NULL, NULL, NULL, NULL, '{"content": "", "period": "合同签订之日起至2025年12月10日。"}', '2026-07-01 06:02:08'),
('SGSCGRDNSCJS250103', '服务类', NULL, NULL, NULL, NULL, NULL, NULL, NULL, '{"content": "", "period": ""}', '2026-07-01 06:02:08'),
('SGSCGYJGBGJS250059', '服务类', NULL, NULL, NULL, NULL, NULL, NULL, NULL, '{"content": "", "period": "签订合同之日起30个工作日。"}', '2026-07-01 06:02:08'),
('SGSCLSOOSDJS250072', '服务类', NULL, NULL, NULL, NULL, NULL, NULL, NULL, '{"content": "", "period": "合同签订之日起至2025年12月20日。"}', '2026-07-01 06:02:08'),
('SGSCLZ00DDJS260028', '服务类', NULL, NULL, NULL, NULL, NULL, NULL, NULL, '{"content": "", "period": "合同签订之日起至2026年12月15日， 完成全部内容 _o"}', '2026-07-01 06:02:08'),
('SGSCMSDPJHJS250035', '服务类', NULL, NULL, NULL, NULL, NULL, NULL, NULL, '{"content": "", "period": "合同生效之日起至2025年12月31日，"}', '2026-07-01 06:02:08'),
('SGSCZYAYYJJS250019', '服务类', NULL, NULL, NULL, NULL, NULL, NULL, NULL, '{"content": "", "period": ""}', '2026-07-01 06:02:08'),
('ZH02-202512056', '服务类', NULL, NULL, NULL, NULL, NULL, NULL, NULL, '{"content": "", "period": "合同签订之日起至2025年12月31日。"}', '2026-07-01 06:02:08'),
('ZH02-202601001', '服务类', NULL, NULL, NULL, NULL, NULL, NULL, NULL, '{"content": "", "period": "合同签订之日起至2026年12月30日止。"}', '2026-07-01 06:02:08'),
('ZH02-202601002', '服务类', NULL, NULL, NULL, NULL, NULL, NULL, NULL, '{"content": "", "period": "合同签订之日起至2026年12月31日前完 成全部内容。"}', '2026-07-01 06:02:08'),
('ZH02-202601004', '服务类', NULL, NULL, NULL, NULL, NULL, NULL, NULL, '{"content": "", "period": "2026年度。"}', '2026-07-01 06:02:08'),
('ZH02-202601005', '服务类', NULL, NULL, NULL, NULL, NULL, NULL, NULL, '{"content": "", "period": "合同签订之日起截至2026年12月15日， 完成全部内容 。"}', '2026-07-01 06:02:08'),
('ZH02-202601008', '服务类', NULL, NULL, NULL, NULL, NULL, NULL, NULL, '{"content": "", "period": "合同签订之日起一年内。"}', '2026-07-01 06:02:08'),
('ZH02-202601010', '服务类', NULL, NULL, NULL, NULL, NULL, NULL, NULL, '{"content": "", "period": "合同签订之日起至2027年2月28日(具 体以实际完成时间为准),完成甲方要求的全部内容 o"}', '2026-07-01 06:02:08'),
('ZH02-202601011', '服务类', NULL, NULL, NULL, NULL, NULL, NULL, NULL, '{"content": "", "period": "合同签订之日起至2027年2月28日(具 体以实际完成时间为准),完成甲方要求的全部内容 。"}', '2026-07-01 06:02:08'),
('ZH02-202601012', '服务类', NULL, NULL, NULL, NULL, NULL, NULL, NULL, '{"content": "", "period": ""}', '2026-07-01 06:02:08'),
('ZH02-202604018', '服务类', NULL, NULL, NULL, NULL, NULL, NULL, NULL, '{"content": "", "period": "自合同签订之日起至2026年12月31日止。"}', '2026-07-01 06:02:08'),
('ZH02-202604020', '科研类', NULL, NULL, NULL, NULL, NULL, NULL, NULL, '{"content": "", "period": ""}', '2026-07-01 06:02:08'),
('ZH02-202604021', '科研类', NULL, NULL, NULL, NULL, NULL, NULL, NULL, '{"content": "", "period": ""}', '2026-07-01 06:02:08'),
('ZH02-202604023', '科研类', NULL, NULL, NULL, NULL, NULL, NULL, NULL, '{"content": "", "period": ""}', '2026-07-01 06:02:08'),
('ZH02-202604024', '科研类', NULL, NULL, NULL, NULL, NULL, NULL, NULL, '{"content": "", "period": ""}', '2026-07-01 06:02:08'),
('ZH02-202604025', '科研类', NULL, NULL, NULL, NULL, NULL, NULL, NULL, '{"content": "", "period": ""}', '2026-07-01 06:02:08'),
('ZH02-202604026', '科研类', NULL, NULL, NULL, NULL, NULL, NULL, NULL, '{"content": "", "period": ""}', '2026-07-01 06:02:08'),
('ZH02-202604028', '物资类', NULL, NULL, NULL, NULL, NULL, NULL, NULL, '{"content": "", "period": "从合同签订之日到2026年12月31日 。"}', '2026-07-01 06:02:08'),
('ZH02-202604029', '服务类', NULL, NULL, NULL, NULL, NULL, NULL, NULL, '{"content": "", "period": "合同签订之日起90个日历日内，完成全部 内容 。"}', '2026-07-01 06:02:08'),
('SGSCYAYJFDJS2600002', '服务类', NULL, NULL, NULL, NULL, NULL, NULL, NULL, '{"content": "", "period": ""}', '2026-07-01 06:02:08'),
('SGSCYA00GYJS2500409', '服务类', NULL, NULL, NULL, NULL, NULL, NULL, NULL, '{"content": "", "period": ""}', '2026-07-01 06:02:08'),
('SGSCCD00XJS2600530', '科研类', NULL, NULL, NULL, NULL, NULL, NULL, NULL, '{"content": "", "period": ""}', '2026-07-01 06:02:08'),
('SGSCAB00HLJS2600427', '科研类', NULL, NULL, NULL, NULL, NULL, NULL, NULL, '{"content": "", "period": ""}', '2026-07-01 06:02:08'),
('SGSCCD', '科研类', NULL, NULL, NULL, NULL, NULL, NULL, NULL, '{"content": "", "period": ""}', '2026-07-01 06:02:08');

-- ===== contracts (54 rows) =====
DROP TABLE IF EXISTS `contracts`;
CREATE TABLE `contracts` (
`contract_id` TEXT,
  contract_id TEXT PRIMARY KEY,,
`project_name` TEXT NOT NULL,
  project_name TEXT NOT NULL,,
`project_type` TEXT,
  project_type TEXT,,
`contract_amount` DECIMAL(15,4),
  contract_amount REAL,,
`party_a` TEXT,
  party_a TEXT,,
`party_b` TEXT,
  party_b TEXT,,
`sign_date` TEXT,
  sign_date TEXT,,
`expiry_date` TEXT,
  expiry_date TEXT,,
`project_leader` TEXT,
  project_leader TEXT,,
`financial_id` TEXT,
  financial_id TEXT,,
`service_content` TEXT,
  service_content TEXT,,
`service_period` TEXT,
  service_period TEXT,,
`project_nature` TEXT,
  project_nature TEXT,,
`created_at` DATETIME  DEFAULT CURRENT_TIMESTAMP,
  created_at TIMESTAMP DEFAULT CURRENT_TIMESTAMP,,
`updated_at` DATETIME  DEFAULT CURRENT_TIMESTAMP
) ENGINE=InnoDB DEFAULT CHARSET=utf8mb4 COLLATE=utf8mb4_unicode_ci;

-- contracts: 54 rows
INSERT INTO `contracts` (`0`, `1`, `2`, `3`, `4`, `5`, `6`, `7`, `8`, `9`, `10`, `11`, `12`, `13`, `14`) VALUES
('ZH02-202408007', '新型电力系统背景下虚拟电厂规划及运行优化研究', '科研类', 75.44, '四川省电力公司成都供电公司', '北京振华永创智能科技有限公司', '2024-08-13', NULL, '黄亚杰', NULL, '提出虚拟电厂多元能源规划及协同控制策略；制定虚拟电厂跨区域分布式调度策略；形成虚拟电厂与配电网交互策略及评价体系；论文3篇；专利4项；软件著作权1项；技术报告1份。', NULL, NULL, '2026-06-30T17:47:50.626959', '2026-06-30T18:05:15.724476'),
('ZH02-202508019', '眉山多能国网四川眉山供电公司输变电运检中心220kV福枣线等线路北斗地灾监测装置大修技术服务', '服务类', 66.5, '眉山市多能电力建设', '北京振华永创智能科技有限公司', '2025-08-19', NULL, '黄亚杰', NULL, '49个监测点单北斗改造', NULL, NULL, '2026-06-30T18:05:15.724681', '2026-06-30T18:05:15.724684'),
('ZH02-202512058', '国网眉山供电公司东坡供电中心2025年城网供电能力辅助分析提升服务', '服务类', 35.7, '国网四川省电力公司眉山供电公司', '北京振华永创智能科技有限公司', '2025-12-16', NULL, '黄亚杰', NULL, '基础资料收集整理；城网7个供电网格配电网承载能力研究；十五五期间负荷发展研究；供电能力提升策略研究。', NULL, NULL, '2026-06-30T18:05:15.724775', '2026-06-30T18:05:15.724777'),
('ZH02-202512057', '国网四川超高压公司自贡分部2025年500kV建叙一二线等线路覆冰预测技术服务', '服务类', 18.87, '国网四川省电力公司超高压分公司', '北京振华永创智能科技有限公司', '2025-12-17', NULL, '黄亚杰', NULL, '500kV建叙一二线等线路覆冰预测技术服务', NULL, NULL, '2026-06-30T18:05:15.724836', '2026-06-30T18:05:15.724838'),
('ZH02-202602014', '国网四川绵阳盐亭公司2026年变电站二次设备软件维护技术支持服务', '服务类', 28.62, '国网四川省电力公司盐亭供电局', '北京振华永创智能科技有限公司', '2026-02-23', NULL, '黄亚杰', NULL, '变电站二次设备软件维护技术支持服务', NULL, NULL, '2026-06-30T18:05:15.724857', '2026-06-30T18:05:15.724858'),
('ZH02-202512056', 'ZH02-202512056-国网雅安供电公司 2025 年区域变电站预警能力提升咨询服务技术服务合同', '服务类', 17.08, '国网四川省电力公司雅安供电公司', '北京振华永创智能科技有限公司', '2075', '合同签订之日起至2026年12月31日', NULL, NULL, '', '合同签订之日起至2025年12月31日。', NULL, '2026-07-01 05:26:38', '2026-07-01 05:26:38'),
('ZH02-202601001', 'ZH02-202601001国网雅安电力（集团）公司2026年花滩电站大坝内外部观测及维护', '服务类', 13.5, '国网四川雅安电力(集团)股份有限公司荥经县供电分公司', '北京振华永创智能科技有限公司', '2026', '合同签订之日起至2026年12月30日', NULL, NULL, '', '合同签订之日起至2026年12月30日止。', NULL, '2026-07-01 05:26:38', '2026-07-01 05:26:38'),
('ZH02-202601002', 'ZH02-202601002国网宁南县供电公司安监部2026年应急监测预警技术服务(OCR', '服务类', 25.3, '国网四川宁南县供电有限责任公司', '北京振华永创智能科技有限公司', '2026', '合同签订之日起至2026年12月31日', NULL, NULL, '', '合同签订之日起至2026年12月31日前完 成全部内容。', NULL, '2026-07-01 05:26:38', '2026-07-01 05:26:38'),
('ZH02-202601004', 'ZH02-202601004四川雅电发电公司2026年度水库电站大坝安全监测测绘服务', '服务类', 9.3396, '四川雅电发电有限责任公司', '北京振华永创智能科技有限公司', '2026', 'SGTYHT/25-JS-004 技术服务合同 合同编号：SGSCYAFDSJJS2600004', NULL, NULL, '', '2026年度。', NULL, '2026-07-01 05:26:38', '2026-07-01 05:26:38'),
('ZH02-202601005', 'ZH02-202601005国网凉山供电公司2026年地震动态监测预警告警技术支持服务', '服务类', 85.95, '国网四川省电力公司凉山供电公司', '北京振华永创智能科技有限公司', NULL, '合同签订之日起截至2026年12月15日， 完成全部内容', NULL, NULL, '', '合同签订之日起截至2026年12月15日， 完成全部内容 。', NULL, '2026-07-01 05:26:38', '2026-07-01 05:26:38'),
('ZH02-202601008', 'ZH02-202601008国网凉山供电公司2026年基于配网经济运行提升的降损管控分析技术服务', '服务类', 56.1, '国网四川省电力公司凉山供电公司', '北京振华永创智能科技有限公司', '2026', '合同签订之日起一年内', NULL, NULL, '', '合同签订之日起一年内。', NULL, '2026-07-01 05:26:38', '2026-07-01 05:26:38'),
('ZH02-202601010', 'ZH02-202601010-2026年研发辅助技术服务(蜀能高新分2026年研发辅助技术服务)-精简版', '服务类', 220.793, '四川蜀能电力有限公司高新分公司受托方(乙方):北京振华永创智能科技有限公司', '北京振华永创智能科技有限公司', '2026', 'SGTYHT/25-JS-004 技术服务合同 合同编号：SGSCSDGXFZJS2600011', NULL, NULL, '', '合同签订之日起至2027年2月28日(具 体以实际完成时间为准),完成甲方要求的全部内容 o', NULL, '2026-07-01 05:26:38', '2026-07-01 05:26:38'),
('ZH02-202601011', 'ZH02-202601011-蜀能电科2026年研发辅助技术服务-精简版', '服务类', 496.5995, '四川蜀能电科能源技术有限公司受托方(乙方):北京振华永创智能科技有限公司', '北京振华永创智能科技有限公司', '2026', 'SGTYHT/25-JS-004 技术服务合同 合同编号：SGSCKRDKFZJS2600018', NULL, NULL, '', '合同签订之日起至2027年2月28日(具 体以实际完成时间为准),完成甲方要求的全部内容 。', NULL, '2026-07-01 05:26:38', '2026-07-01 05:26:38'),
('ZH02-202601012', 'ZH02-202601012国网凉山供电公司2026年电网图集绘制技术服务', '服务类', 22.275, '国网四川省电力公司凉山供电公司受托方(乙方):北京振华永创智能科技有限公司', '北京振华永创智能科技有限公司', NULL, 'SGTYHT/25-JS-004 技术服务合同 合同编号：SGSCLIO0FCJS2600057', NULL, NULL, '', '', NULL, '2026-07-01 05:26:38', '2026-07-01 05:26:38'),
('ZH02-202604018', 'ZH02-202604018 国网四川省电力公司富顺县供电分公司 国网四川自贡富顺县供电公司2026年水电站大坝形变观测技术服务', '服务类', 0.0, '国网四川省电力公司富顺县供电分公司', '北京振华永创智能科技有限公司', NULL, '2026年12月31日', NULL, NULL, '', '自合同签订之日起至2026年12月31日止。', NULL, '2026-07-01 05:26:38', '2026-07-01 05:26:38'),
('ZH02-202604020', 'ZH02-202604020 国网四川省电力公司凉山供电公司 基于精细化气象要素及分布式光伏预测的地市电网供电能力提升研究', '科研类', 77.1, '国网四川省电力公司凉山供电公司受托方(乙方):北京振华永创智能科技有限公司', '北京振华永创智能科技有限公司', NULL, NULL, NULL, NULL, '', '', NULL, '2026-07-01 05:26:38', '2026-07-01 05:26:38'),
('ZH02-202604021', 'ZH02-202604021 国网四川省电力公司阿坝供电公司 基于视觉高斯三维建模的高海拔山地输配电线路走廊树障风险预判技术研究', '科研类', 67.734, '国网四川省电力公司阿坝供电公司受托方(乙方):北京振华永创智能科技有限公司', '北京振华永创智能科技有限公司', NULL, '自合同签订生效之日起至2027年12月 31 (以下无正文)', NULL, NULL, '', '', NULL, '2026-07-01 05:26:38', '2026-07-01 05:26:38'),
('ZH02-202604023', 'ZH02-202604023 国网四川省电力公司成都供电公司 电力隧道结构智能监测及安全预警技术研究与应用', '科研类', 6.35, '国网四川省电力公司成都供电公司受托方(乙方):北京振华永创智能科技有限公司', '北京振华永创智能科技有限公司', NULL, NULL, NULL, NULL, '', '', NULL, '2026-07-01 05:26:38', '2026-07-01 05:26:38'),
('ZH02-202604024', 'ZH02-202604024  基于无线电侦测和诱骗的变电站站域无人机风险防范关键技术研究', '科研类', 63.5, '国网四川省电力公司成都供电公司受托方(乙方):北京振华永创智能科技有限公司', '北京振华永创智能科技有限公司', '2026', NULL, NULL, NULL, '', '', NULL, '2026-07-01 05:26:38', '2026-07-01 05:26:38'),
('ZH02-202604025', 'ZH02-202604025 国网四川省电力公司成都供电公司 2026 年基于生成式大语言模型的变电站保护定值及压板自动核对技术研究等 2 个项目', '科研类', 82.8, '国网四川省电力公司成都供电公司受托方(乙方):北京振华永创智能科技有限公司', '北京振华永创智能科技有限公司', NULL, NULL, NULL, NULL, '', '', NULL, '2026-07-01 05:26:38', '2026-07-01 05:26:38'),
('ZH02-202604026', 'ZH02-202604026 国网四川省电力公司成都市青白江供电分公司 面向配网班组不停电作业的第一视角视觉指导大模型及协同装备研制', '科研类', 108.438, '国网四川省电力公司成都市青白江供电分公司', '北京振华永创智能科技有限公司', '2026', NULL, NULL, NULL, '', '', NULL, '2026-07-01 05:26:38', '2026-07-01 05:26:38'),
('ZH02-202604028', 'ZH02-202604028国网绵阳供电公司2026年地震预警设备运维及信息服务-合同扫描件', '服务类', 21.7321, '国网四川省电力公司绵阳供电公司', '北京振华永创智能科技有限公司', '2026', '从合同签订之日起至双方权利义务全部履 行完毕之日止', NULL, NULL, '', '从合同签订之日到2026年12月31日 。', NULL, '2026-07-01 05:26:38', '2026-07-01 05:26:38'),
('ZH02-202604029', 'ZH02-202604029 国网四川省电力公司绵阳供电公司 国网绵阳供电公司2026年保护区分布“-张图”绘制技术咨询服务', '服务类', 41.9811, '国网四川省电力公司绵阳供电公司', '北京振华永创智能科技有限公司', '2026', '从合同签订之日起至双方权利义务全部履 行完毕之日止', NULL, NULL, '', '合同签订之日起90个日历日内，完成全部 内容 。', NULL, '2026-07-01 05:26:38', '2026-07-01 05:26:38'),
('ZH02-202603015', '国网泸州供电公司2026年电网仿真数据平台和分析程序升级技术服务', '服务类', 0.0, NULL, NULL, NULL, NULL, NULL, NULL, NULL, NULL, NULL, '2026-07-01 07:33:05', '2026-07-01 07:33:05'),
('ZH02-202512055', '国网四川资阳安岳供电公司2025年110kV镇子变电站电力气象功能完善技术服务', '服务类', 0.0, NULL, NULL, NULL, NULL, NULL, NULL, NULL, NULL, NULL, '2026-07-01 07:33:05', '2026-07-01 07:33:05'),
('ZH02-202509024', '国网剑阁县供电公司2025年武连、汉阳、东宝宗地图测绘服务', '服务类', 0.0, NULL, NULL, NULL, NULL, NULL, NULL, NULL, NULL, NULL, '2026-07-01 07:33:05', '2026-07-01 07:33:05'),
('ZH02-202509025', '基于大语言模型的电网稳定断面限额语义识别与公式生成系统研发合同', '科研类', 12.5085, NULL, NULL, NULL, NULL, NULL, NULL, NULL, NULL, NULL, '2026-07-01 07:33:05', '2026-07-01 07:33:05'),
('ZH02-202508013', '国网四川电科院2025年川西高原冻融区域排查技术服务（签署版', '服务类', 4.5756, NULL, NULL, NULL, NULL, NULL, NULL, NULL, NULL, NULL, '2026-07-01 07:33:05', '2026-07-01 07:33:05'),
('ZH02-202507011', '基于计算机视觉和自主学习的高压电缆中间接头施工质量在线识别科学技术项目', '服务类', 8.5347, NULL, NULL, NULL, NULL, NULL, NULL, NULL, NULL, NULL, '2026-07-01 07:33:05', '2026-07-01 07:33:05'),
('ZH02-202508014', '国网四川乐山供电公司2025年输电线路覆冰拉力监测装置北斗通信功能升级技术服务合同', '服务类', 0.0, NULL, NULL, NULL, NULL, NULL, NULL, NULL, NULL, NULL, '2026-07-01 07:33:05', '2026-07-01 07:33:05'),
('SGSCCD00CYJS240162', '国网四川成都供电公司超高压运检中心2024年GIS设备X射线图谱库应用合同', '服务类', 43.12, '国网四川省电力公司成都供电公司受托方(乙方):北京振华永创智能科技有限公司', '北京振华永创智能科技有限公司', '2024', NULL, NULL, NULL, NULL, NULL, NULL, '2026-07-03 01:10:59', '2026-07-03 01:10:59'),
('SGSCCD00XMJS250076', '基于计算机视觉和自主学习的高压电缆中间接头施工质量在线识别科学技术项目', '科研类', 48.5347, '国网四川省电力公司成都供电公司受托方(乙方):北京振华永创智能科技有限公司', '北京振华永创智能科技有限公司', NULL, NULL, NULL, NULL, NULL, NULL, NULL, '2026-07-03 01:10:59', '2026-07-03 01:10:59'),
('SGSCDK00XTJS250033', '基于大语言模型的电网稳定断面限额语义识别与公式生成系统研发合同', '科研类', 125.085, '国网四川省电力公司电力科学研究院', '北京振华永创智能科技有限公司签订日期：', NULL, NULL, NULL, NULL, NULL, NULL, NULL, '2026-07-03 01:10:59', '2026-07-03 01:10:59'),
('SGSCDKOOSDJS250028', '国网四川电科院2025年川西高原冻融区域排查技术服务（签署版', '服务类', 80.8356, '国网四川省电力公司电力科学研究院受托方(乙方):北京振华永创智能科技有限公司', '北京振华永创智能科技有限公司', '2025', NULL, NULL, NULL, NULL, NULL, NULL, '2026-07-03 01:10:59', '2026-07-03 01:10:59'),
('SGSCDY00SQJS250103', '合同原件（国网德阳供电公司市区供电中心2025年农村供电所台区供电可靠性分析及优化提升服务', '服务类', 22.648, '国网四川省电力公司德阳供电公司', '北京振华永创智能科技有限公司', '2025', NULL, NULL, NULL, NULL, NULL, NULL, '2026-07-03 01:10:59', '2026-07-03 01:10:59'),
('SGSCGYJGBGJS250059', '国网剑阁县供电公司2025年武连、汉阳、东宝宗地图测绘服务', '服务类', 1.55, '国网四川省电力公司剑阁县供电分公司', '北京振华永创智能科技有限公司', NULL, NULL, NULL, NULL, NULL, NULL, NULL, '2026-07-03 01:10:59', '2026-07-03 01:10:59'),
('SGSCLSOOSDJS250072', '国网四川乐山供电公司2025年输电线路覆冰拉力监测装置北斗通信功能升级技术服务合同', '服务类', 42.12, '国网四川省电力公司乐山供电公司', '北京振华永创智能科技有限公司', '2025', NULL, NULL, NULL, NULL, NULL, NULL, '2026-07-03 01:10:59', '2026-07-03 01:10:59'),
('SGSCLZ00DDJS260028', '国网泸州供电公司2026年电网仿真数据平台和分析程序升级技术服务', '服务类', 16.94, '国网四川省电力公司泸州供电公司', '北京振华永创智能科技有限公司签订时间：', NULL, NULL, NULL, NULL, NULL, NULL, NULL, '2026-07-03 01:10:59', '2026-07-03 01:10:59'),
('SGSCMYYTYJJS260004', '国网四川绵阳盐亭公司2026年变电站二次设备软件维护技术支持服务', '服务类', 0.0, '国网四川省电力公司盐亭县供电分公司', '北京振华永创智能科技有限公司', NULL, NULL, NULL, NULL, NULL, NULL, NULL, '2026-07-03 01:10:59', '2026-07-03 01:10:59'),
('SGSCZYAYYJJS250019', '国网四川资阳安岳供电公司2025年110kV镇子变电站电力气象功能完善技术服务', '服务类', 7.2, '国网四川省电力公司安岳县供电分公司受托方(乙方):北京振华永创智能科技有限公司', '北京振华永创智能科技有限公司', NULL, NULL, NULL, NULL, NULL, NULL, NULL, '2026-07-03 01:10:59', '2026-07-03 01:10:59'),
('待补充', '电力隧道结构智能监测及安全预警技术研究与应用', '科研类', 63.5, '国网四川省电力公司成都供电公司', '北京振华永创智能科技有限公司', '2026-04-24', NULL, NULL, NULL, NULL, NULL, NULL, '2026-07-03 01:10:59', '2026-07-03 01:10:59'),
('待补充-10、合同原件（国网德阳供电公司市区供电中心2025年农村供', '合同原件（国网德阳供电公司市区供电中心2025年农村供电所台区供电可靠性分析及优化提升服务', '服务类', 62.0, '国网四川省电力公司德阳供电公司', '北京振华永创智能科技有限公司', NULL, NULL, NULL, NULL, NULL, NULL, NULL, '2026-07-03 01:10:59', '2026-07-03 01:10:59'),
('待补充-7.国网四川成都供电公司超高压运检中心2024年GIS设备X', '国网四川成都供电公司超高压运检中心2024年GIS设备X射线图谱库应用合同', '服务类', 55.0, '国网四川省电力公司成都供电公司 受托方(乙方): 北京振华永创智能科技有限公司', '北京振华永创智能科技有限公司', NULL, NULL, NULL, NULL, NULL, NULL, NULL, '2026-07-03 01:10:59', '2026-07-03 01:10:59'),
('待补充-新型电力系统背景下虚拟电厂控制策略及运行方法研究-正式合同(', '新型电力系统背景下虚拟电厂控制策略及运行方法研究-正式合同', '科研类', 0.0, '国网四川省电力公司成都供电公司 受托方(乙方):北京振华永创智能科技有限公司', '北京振华永创智能科技有限公司', NULL, NULL, NULL, NULL, NULL, NULL, NULL, '2026-07-03 01:10:59', '2026-07-03 01:10:59'),
('ZH02-202406004', '市南公司2024年220kV琏书东等线路激光防外破装置功能升级技术服务', NULL, 57.23364, '重庆供电公司市南分公司', NULL, '2024-06-12', NULL, NULL, NULL, NULL, NULL, NULL, '2026-07-03 01:12:10', '2026-07-03 01:12:10'),
('ZH02-202408006', '国网成都输电运检中心2024年输电线路生产运维用移动作业终端维护升级服务', NULL, 21.8, '成都供电公司输电管理所', NULL, '2024-08-07', NULL, NULL, NULL, NULL, NULL, NULL, '2026-07-03 01:12:10', '2026-07-03 01:12:10'),
('ZH02-202409008', '国网四川成都供电公司超高压运检中心2024年激光数据支撑分析服务', NULL, 48.389, '超高压公司成都分公司', NULL, '2024-09-18', NULL, NULL, NULL, NULL, NULL, NULL, '2026-07-03 01:12:10', '2026-07-03 01:12:10'),
('ZH02-202410010', '国网眉山供电公司 2024 年 220kV 祖福一线等线路外破隐患监控装置升级技术服务', NULL, 40.506, '国网眉山公司', NULL, '2024-10-22', NULL, NULL, NULL, NULL, NULL, NULL, '2026-07-03 01:12:10', '2026-07-03 01:12:10'),
('ZH02-202411014', '国网四川成都供电公司超高压运检中心2024年 GIS 设备X射线图谱库应用项目', NULL, 43.12, '超高压公司成都分公司', NULL, '2024-11-14', NULL, NULL, NULL, NULL, NULL, NULL, '2026-07-03 01:12:10', '2026-07-03 01:12:10'),
('ZH02-202503003', '水文数字孪生地理信息数据底板数据处理与运维合同', NULL, 9.78, '云南省水文水资源局', NULL, '2025-03-26', NULL, NULL, NULL, NULL, NULL, NULL, '2026-07-03 01:12:10', '2026-07-03 01:12:10');
INSERT INTO `contracts` (`0`, `1`, `2`, `3`, `4`, `5`, `6`, `7`, `8`, `9`, `10`, `11`, `12`, `13`, `14`) VALUES
('ZH02-202506008', '国网阿坝供电公司110KV隆康变电站地质灾害在线监测', NULL, 13.8, '成都辰洲电力设备有限公司', NULL, '2025-06-05', NULL, NULL, NULL, NULL, NULL, NULL, '2026-07-03 01:12:10', '2026-07-03 01:12:10'),
('ZH02-202508016', '龙泉驿区地质灾害边坡雷达监测预警服务项目', NULL, 29.66, '龙泉驿区规划和自然资源局', NULL, '2025-08-14', NULL, NULL, NULL, NULL, NULL, NULL, '2026-07-03 01:12:10', '2026-07-03 01:12:10'),
('ZH02-202510038', '产品购销合同-北斗激光防外破指向仪ZHF07', NULL, 22.5, '四川森普达能源有限责任公司', NULL, '2025-10-13', NULL, NULL, NULL, NULL, NULL, NULL, '2026-07-03 01:12:10', '2026-07-03 01:12:10'),
('ZH02-202511044', '国网德阳供电公司市区供电中心2025年农村供电所台区供电可靠性分析及优化提升服务', NULL, 22.648, '国网四川省电力公司德阳供电公司', NULL, '2025-11-13', NULL, NULL, NULL, NULL, NULL, NULL, '2026-07-03 01:12:10', '2026-07-03 01:12:10');

-- ===== deliverables (125 rows) =====
DROP TABLE IF EXISTS `deliverables`;
CREATE TABLE `deliverables` (
`deliverable_id` TEXT,
  deliverable_id TEXT PRIMARY KEY,,
`contract_id` TEXT,
  contract_id TEXT,,
`deliverable_name` TEXT,
  deliverable_name TEXT,,
`deliverable_type` TEXT,
  deliverable_type TEXT,,
`quantity` INT  DEFAULT 1,
  quantity INTEGER DEFAULT 1,,
`planned_date` TEXT,
  planned_date TEXT,,
`actual_date` TEXT,
  actual_date TEXT,,
`status` TEXT  DEFAULT 'pending',
  status TEXT DEFAULT 'pending',,
`created_at` DATETIME  DEFAULT CURRENT_TIMESTAMP,
  created_at TIMESTAMP DEFAULT CURRENT_TIMESTAMP,,
`FOREIGN` TEXT
) ENGINE=InnoDB DEFAULT CHARSET=utf8mb4 COLLATE=utf8mb4_unicode_ci;

-- deliverables: 125 rows
INSERT INTO `deliverables` (`0`, `1`, `2`, `3`, `4`, `5`, `6`, `7`, `8`) VALUES
('ZH02-202601011-交付物1', 'ZH02-202601011', '无人机维修保养及管理', '服务', 1, NULL, NULL, 'pending', '2026-06-30 08:42:44'),
('ZH02-202601011-交付物2', 'ZH02-202601011', '无人机管控平台管理', '服务', 1, NULL, NULL, 'pending', '2026-06-30 08:42:44'),
('ZH02-202601011-交付物3', 'ZH02-202601011', '科研项目辅助', '服务', 1, NULL, NULL, 'pending', '2026-06-30 08:42:44'),
('ZH02-202601011-交付物4', 'ZH02-202601011', '成果转化', '服务', 1, NULL, NULL, 'pending', '2026-06-30 08:42:44'),
('ZH02-202601011-交付物5', 'ZH02-202601011', '信息系统安全测评', '服务', 1, NULL, NULL, 'pending', '2026-06-30 08:42:44'),
('ZH02-202601011-交付物6', 'ZH02-202601011', '电厂网络安全维保', '服务', 1, NULL, NULL, 'pending', '2026-06-30 08:42:44'),
('ZH02-202601008-交付物1', 'ZH02-202601008', '配网经济运行降损管控分析', '服务', 1, NULL, NULL, 'pending', '2026-06-30 08:42:44'),
('ZH02-202601008-交付物2', 'ZH02-202601008', '线损管控分析报告', '报告', 1, NULL, NULL, 'pending', '2026-06-30 08:42:44'),
('待补充-交付物1', '待补充', '智能监测平台', '系统', 1, NULL, NULL, 'pending', '2026-06-30 08:42:44'),
('待补充-交付物2', '待补充', '监测设备', '设备', 1, NULL, NULL, 'pending', '2026-06-30 08:42:44'),
('待补充-交付物3', '待补充', '学术论文', '论文', 1, NULL, NULL, 'pending', '2026-06-30 08:42:44'),
('待补充-交付物4', '待补充', '发明专利', '专利', 1, NULL, NULL, 'pending', '2026-06-30 08:42:44'),
('待补充-交付物5', '待补充', '技术报告', '报告', 1, NULL, NULL, 'pending', '2026-06-30 08:42:44'),
('SGSCCD-交付物1', 'SGSCCD', '保护定值及压板自动核对系统', '系统', 1, NULL, NULL, 'completed', '2026-06-30 08:42:44'),
('SGSCCD-交付物2', 'SGSCCD', '学术论文', '论文', 1, NULL, NULL, 'pending', '2026-06-30 08:42:44'),
('SGSCCD-交付物3', 'SGSCCD', '发明专利', '专利', 1, NULL, NULL, 'pending', '2026-06-30 08:42:44'),
('SGSCCD-交付物4', 'SGSCCD', '技术报告', '报告', 1, NULL, NULL, 'pending', '2026-06-30 08:42:44'),
('SGSCCD-交付物5', 'SGSCCD', '经费决算报告', '报告', 1, NULL, NULL, 'pending', '2026-06-30 08:42:44'),
('ZH02-202601005-交付物1', 'ZH02-202601005', '地震预警信息及服务', '服务', 1, NULL, NULL, 'pending', '2026-06-30 08:42:44'),
('ZH02-202601005-交付物2', 'ZH02-202601005', '7×24小时技术支持和售后技术支持', '技术支持', 1, NULL, NULL, 'pending', '2026-06-30 08:42:44'),
('ZH02-202601005-交付物3', 'ZH02-202601005', '竣工验收资料', '报告', 1, NULL, NULL, 'pending', '2026-06-30 08:42:44'),
('SGSCYAYJFDJS2600002-交付物1', 'SGSCYAYJFDJS2600002', '花滩电站大坝内外部观测及维护技术服务', '服务', 1, NULL, NULL, 'pending', '2026-06-30 08:42:44'),
('SGSCYAYJFDJS2600002-交付物2', 'SGSCYAYJFDJS2600002', '技术服务资料', '报告', 1, NULL, NULL, 'pending', '2026-06-30 08:42:44'),
('SGSCYAYJFDJS2600002-交付物3', 'SGSCYAYJFDJS2600002', '结算资料', '报告', 1, NULL, NULL, 'pending', '2026-06-30 08:42:44'),
('SGSCYA00GYJS2500409-交付物1', 'SGSCYA00GYJS2500409', '电力气象服务', '服务', 25, NULL, NULL, 'pending', '2026-06-30 08:42:44'),
('SGSCYA00GYJS2500409-交付物2', 'SGSCYA00GYJS2500409', '技术服务报告', '报告', 1, NULL, NULL, 'pending', '2026-06-30 08:42:44'),
('ZH02-202604026-交付物1', 'ZH02-202604026', '配网不停电作业可穿戴机器视觉指导协同装备样机', '装备', 1, NULL, NULL, 'completed', '2026-06-30 08:42:44'),
('ZH02-202604026-交付物2', 'ZH02-202604026', '技术总报告', '报告', 1, NULL, NULL, 'pending', '2026-06-30 08:42:44'),
('ZH02-202604026-交付物3', 'ZH02-202604026', '核心期刊论文', '论文', 1, NULL, NULL, 'pending', '2026-06-30 08:42:44'),
('ZH02-202604026-交付物4', 'ZH02-202604026', '发明专利', '专利', 1, NULL, NULL, 'pending', '2026-06-30 08:42:44'),
('ZH02-202601002-交付物1', 'ZH02-202601002', '应急监测预警技术服务', '服务', 1, NULL, NULL, 'pending', '2026-06-30 08:42:44'),
('ZH02-202604029-交付物1', 'ZH02-202604029', '保护区一张图绘制成果', '图纸', 1, NULL, NULL, 'pending', '2026-06-30 08:42:44'),
('ZH02-202604029-交付物2', 'ZH02-202604029', '分析评估报告', '报告', 1, NULL, NULL, 'pending', '2026-06-30 08:42:44'),
('ZH02-202604029-交付物3', 'ZH02-202604029', '全套电子资料成果文件', '文件', 1, NULL, NULL, 'pending', '2026-06-30 08:42:44'),
('ZH02-202604029-交付物4', 'ZH02-202604029', '纸质成果报告', '报告', 3, NULL, NULL, 'pending', '2026-06-30 08:42:44'),
('ZH02-202604020-交付物1', 'ZH02-202604020', '技术总报告', '报告', 1, NULL, NULL, 'completed', '2026-06-30 08:42:44'),
('ZH02-202604020-交付物2', 'ZH02-202604020', '《四川电力技术》论文', '论文', 1, NULL, NULL, 'pending', '2026-06-30 08:42:44'),
('ZH02-202604020-交付物3', 'ZH02-202604020', '发明专利', '专利', 2, NULL, NULL, 'pending', '2026-06-30 08:42:44'),
('ZH02-202604020-交付物4', 'ZH02-202604020', '分布式光伏气象要素精细化预测模型', '模型', 1, NULL, NULL, 'pending', '2026-06-30 08:42:44'),
('ZH02-202601010-交付物1', 'ZH02-202601010', '无人机维修保养及管理', '服务', 1, NULL, NULL, 'pending', '2026-06-30 08:42:44'),
('ZH02-202601010-交付物2', 'ZH02-202601010', '无人机管控平台管理', '服务', 1, NULL, NULL, 'pending', '2026-06-30 08:42:44'),
('ZH02-202601010-交付物3', 'ZH02-202601010', '科研项目辅助', '服务', 1, NULL, NULL, 'pending', '2026-06-30 08:42:44'),
('ZH02-202601010-交付物4', 'ZH02-202601010', '信息系统安全测评', '服务', 1, NULL, NULL, 'pending', '2026-06-30 08:42:44'),
('ZH02-202601010-交付物5', 'ZH02-202601010', '电厂网络安全维保', '服务', 1, NULL, NULL, 'pending', '2026-06-30 08:42:44'),
('SGSCAB00HLJS2600427-交付物1', 'SGSCAB00HLJS2600427', '集成化智能分析工具', '系统', 1, NULL, NULL, 'completed', '2026-06-30 08:42:44'),
('SGSCAB00HLJS2600427-交付物2', 'SGSCAB00HLJS2600427', '学术论文', '论文', 1, NULL, NULL, 'pending', '2026-06-30 08:42:44'),
('SGSCAB00HLJS2600427-交付物3', 'SGSCAB00HLJS2600427', '发明专利', '专利', 1, NULL, NULL, 'pending', '2026-06-30 08:42:44'),
('SGSCAB00HLJS2600427-交付物4', 'SGSCAB00HLJS2600427', '技术报告', '报告', 1, NULL, NULL, 'pending', '2026-06-30 08:42:44'),
('SGSCCD00XJS2600530-交付物1', 'SGSCCD00XJS2600530', '变电站域反制无人机无线电系统硬件终端装置', '装置', 1, NULL, NULL, 'completed', '2026-06-30 08:42:44'),
('SGSCCD00XJS2600530-交付物2', 'SGSCCD00XJS2600530', '第三方测试报告', '报告', 1, NULL, NULL, 'pending', '2026-06-30 08:42:44');
INSERT INTO `deliverables` (`0`, `1`, `2`, `3`, `4`, `5`, `6`, `7`, `8`) VALUES
('SGSCCD00XJS2600530-交付物3', 'SGSCCD00XJS2600530', '技术总报告', '报告', 1, NULL, NULL, 'pending', '2026-06-30 08:42:44'),
('SGSCCD00XJS2600530-交付物4', 'SGSCCD00XJS2600530', '三大检索期刊或中文核心期刊论文', '论文', 1, NULL, NULL, 'pending', '2026-06-30 08:42:44'),
('SGSCCD00XJS2600530-交付物5', 'SGSCCD00XJS2600530', '《四川电力技术》论文', '论文', 1, NULL, NULL, 'pending', '2026-06-30 08:42:44'),
('SGSCCD00XJS2600530-交付物6', 'SGSCCD00XJS2600530', '发明专利', '专利', 2, NULL, NULL, 'pending', '2026-06-30 08:42:44'),
('SGSCCD00XJS2600530-交付物7', 'SGSCCD00XJS2600530', '经费财务决算报告', '报告', 1, NULL, NULL, 'pending', '2026-06-30 08:42:44'),
('SGSCCD00XJS2600530-交付物8', 'SGSCCD00XJS2600530', '审计报告', '报告', 1, NULL, NULL, 'pending', '2026-06-30 08:42:44'),
('SGSCDKOOSDJS250028-D1', 'SGSCDKOOSDJS250028', '报告1份', '报告', 1, NULL, NULL, 'pending', '2026-07-01 05:26:12'),
('ZH02-202507011-D1', 'ZH02-202507011', '1)一套220kV电缆中间接头施工质量一体化测评工具样机， 施工质量正确识别率不低于70%; | [项目内容摘要]', '成果', 1, NULL, NULL, 'pending', '2026-07-01 05:26:12'),
('ZH02-202507011-D2', 'ZH02-202507011', '针对高压电缆中间接头制造过程，开展关键工艺流程研究，构建 标准化、可控的制造技术体系；', '成果', 1, NULL, NULL, 'pending', '2026-07-01 05:26:12'),
('ZH02-202507011-D3', 'ZH02-202507011', '2)结合视觉Transformer模型与双拮抗神经元机制，研发施  工质量智能识别算法，并研制集成化评估样机，实现中间接头施 工质量的智能化检测与综合评估。', '成果', 1, NULL, NULL, 'pending', '2026-07-01 05:26:12'),
('ZH02-202507011-D4', 'ZH02-202507011', '1)一套220kV电缆中间接头施工质量一体化测评工具样机， 施工质量正确识别率不低于70%; | [项目内容摘要]', '成果', 1, NULL, NULL, 'pending', '2026-07-01 05:26:12'),
('ZH02-202507011-D5', 'ZH02-202507011', '针对高压电缆中间接头制造过程，开展关键工艺流程研究，构建 标准化、可控的制造技术体系；', '成果', 1, NULL, NULL, 'pending', '2026-07-01 05:26:12'),
('ZH02-202507011-D6', 'ZH02-202507011', '2)结合视觉Transformer模型与双拮抗神经元机制，研发施  工质量智能识别算法，并研制集成化评估样机，实现中间接头施 工质量的智能化检测与综合评估。', '成果', 1, NULL, NULL, 'pending', '2026-07-01 05:26:12'),
('ZH02-202509025-D1', 'ZH02-202509025', '1)申请发明专利3项；', '成果', 1, NULL, NULL, 'pending', '2026-07-01 05:26:12'),
('ZH02-202509025-D2', 'ZH02-202509025', '2)形成软件著作权1项； | [项目内容摘要]', '成果', 1, NULL, NULL, 'pending', '2026-07-01 05:26:12'),
('ZH02-202509025-D3', 'ZH02-202509025', '1)研究电网稳定断面限额信息标准化转化与修正关键技术；', '成果', 1, NULL, NULL, 'pending', '2026-07-01 05:26:12'),
('ZH02-202509025-D4', 'ZH02-202509025', '2)研究基于大语言模型的电网稳定断面限额公式转化关键技 术 ；', '成果', 1, NULL, NULL, 'pending', '2026-07-01 05:26:12'),
('ZH02-202509025-D5', 'ZH02-202509025', '3)研发断面限额语义识别与公式生成系统。', '成果', 1, NULL, NULL, 'pending', '2026-07-01 05:26:12'),
('ZH02-202509025-D6', 'ZH02-202509025', '1)申请发明专利3项；', '成果', 1, NULL, NULL, 'pending', '2026-07-01 05:26:12'),
('ZH02-202604024-D1', 'ZH02-202604024', '申请发明专利2项', '专利', 1, NULL, NULL, 'pending', '2026-07-01 05:26:12'),
('ZH02-202604024-D2', 'ZH02-202604024', '论文1篇', '论文', 1, NULL, NULL, 'pending', '2026-07-01 05:26:12'),
('ZH02-202604024-D3', 'ZH02-202604024', '报告1份', '报告', 1, NULL, NULL, 'pending', '2026-07-01 05:26:12'),
('ZH02-202604028-D1', 'ZH02-202604028', '系统1套', '系统', 1, NULL, NULL, 'pending', '2026-07-01 05:26:12'),
('SGSCYAYJFDJS2600002-D1', 'SGSCYAYJFDJS2600002', '花滩电站大坝内外部观测及维护技术服务', '服务', '全年', NULL, NULL, 'pending', '2026-07-01 05:26:12'),
('SGSCYAYJFDJS2600002-D2', 'SGSCYAYJFDJS2600002', '技术服务资料', '报告', 1, NULL, NULL, 'pending', '2026-07-01 05:26:12'),
('SGSCYAYJFDJS2600002-D3', 'SGSCYAYJFDJS2600002', '结算资料', '报告', 1, NULL, NULL, 'pending', '2026-07-01 05:26:12'),
('SGSCYA00GYJS2500409-D1', 'SGSCYA00GYJS2500409', '电力气象服务', '服务', 25, NULL, NULL, 'pending', '2026-07-01 05:26:12'),
('SGSCYA00GYJS2500409-D2', 'SGSCYA00GYJS2500409', '技术服务报告', '报告', 1, NULL, NULL, 'pending', '2026-07-01 05:26:12'),
('待补充-新型电力系统背景下虚拟电厂控制策略及运行方法研究-正式合同(-D1', '待补充-新型电力系统背景下虚拟电厂控制策略及运行方法研究-正式合同(', '[成果的主要技术经济指标摘要]', '成果', 1, NULL, NULL, 'pending', '2026-07-01 05:26:12'),
('待补充-新型电力系统背景下虚拟电厂控制策略及运行方法研究-正式合同(-D2', '待补充-新型电力系统背景下虚拟电厂控制策略及运行方法研究-正式合同(', '开展虚拟电厂建设框架研究，围绕单个虚拟电厂构建数学模型，探 索从多元能源配置规划及协同运行控制策略。', '成果', 1, NULL, NULL, 'pending', '2026-07-01 05:26:12'),
('待补充-新型电力系统背景下虚拟电厂控制策略及运行方法研究-正式合同(-D3', '待补充-新型电力系统背景下虚拟电厂控制策略及运行方法研究-正式合同(', '结合跨区域虚拟电厂竞争、合作等关系，提出虚拟电厂区域分布式 调度策略，支撑各场景下虚拟电厂间迅速、高效调度运行。', '成果', 1, NULL, NULL, 'pending', '2026-07-01 05:26:12'),
('待补充-新型电力系统背景下虚拟电厂控制策略及运行方法研究-正式合同(-D4', '待补充-新型电力系统背景下虚拟电厂控制策略及运行方法研究-正式合同(', '开展配电网与虚拟电厂功率交互研究，结合虚拟电厂灵活特性，提 出配电网与虚拟电厂交互策略及评价体系，以提升配电网运行水平。', '成果', 1, NULL, NULL, 'pending', '2026-07-01 05:26:12'),
('待补充-新型电力系统背景下虚拟电厂控制策略及运行方法研究-正式合同(-D5', '待补充-新型电力系统背景下虚拟电厂控制策略及运行方法研究-正式合同(', '虚拟电厂与配电网之间的交互机制尚不明晰，如何分析多虚拟电厂 与配电网的交互耦合关系，并进一步考虑配电网与虚拟电厂功率交互策 略，以此提升配电网及虚拟电厂双方的运行水平是本项目的另一个研究 难点。', '成果', 1, NULL, NULL, 'pending', '2026-07-01 05:26:12'),
('待补充-新型电力系统背景下虚拟电厂控制策略及运行方法研究-正式合同(-D6', '待补充-新型电力系统背景下虚拟电厂控制策略及运行方法研究-正式合同(', '通过开展的虚拟电厂多元能源配置规划策略，可以应用于实际的虚 拟电厂管理指导多元能源的高效管理和优化调配，促进虚拟电厂内部资', '成果', 1, NULL, NULL, 'pending', '2026-07-01 05:26:12'),
('SGSCCD00XJS2600530-D1', 'SGSCCD00XJS2600530', '变电站域反制无人机无线电系统硬件终端装置', '装置', 1, NULL, NULL, 'pending', '2026-07-01 05:26:38'),
('SGSCCD00XJS2600530-D2', 'SGSCCD00XJS2600530', '第三方测试报告', '报告', 1, NULL, NULL, 'pending', '2026-07-01 05:26:38'),
('SGSCCD00XJS2600530-D3', 'SGSCCD00XJS2600530', '技术总报告', '报告', 1, NULL, NULL, 'pending', '2026-07-01 05:26:38'),
('SGSCCD00XJS2600530-D4', 'SGSCCD00XJS2600530', '三大检索期刊或中文核心期刊论文', '论文', 1, NULL, NULL, 'pending', '2026-07-01 05:26:38'),
('SGSCCD00XJS2600530-D5', 'SGSCCD00XJS2600530', '《四川电力技术》论文', '论文', 1, NULL, NULL, 'pending', '2026-07-01 05:26:38'),
('SGSCCD00XJS2600530-D6', 'SGSCCD00XJS2600530', '发明专利', '专利', 2, NULL, NULL, 'pending', '2026-07-01 05:26:38'),
('SGSCCD00XJS2600530-D7', 'SGSCCD00XJS2600530', '经费财务决算报告', '报告', 1, NULL, NULL, 'pending', '2026-07-01 05:26:38'),
('SGSCCD00XJS2600530-D8', 'SGSCCD00XJS2600530', '审计报告', '报告', 1, NULL, NULL, 'pending', '2026-07-01 05:26:38'),
('SGSCAB00HLJS2600427-D1', 'SGSCAB00HLJS2600427', '集成化智能分析工具', '系统', 1, NULL, NULL, 'pending', '2026-07-01 05:26:38'),
('SGSCAB00HLJS2600427-D2', 'SGSCAB00HLJS2600427', '学术论文', '论文', 1, NULL, NULL, 'pending', '2026-07-01 05:26:38'),
('SGSCAB00HLJS2600427-D3', 'SGSCAB00HLJS2600427', '发明专利', '专利', 1, NULL, NULL, 'pending', '2026-07-01 05:26:38'),
('SGSCAB00HLJS2600427-D4', 'SGSCAB00HLJS2600427', '技术报告', '报告', 1, NULL, NULL, 'pending', '2026-07-01 05:26:38'),
('待补充-D1', '待补充', '智能监测平台', '系统', 1, NULL, NULL, 'pending', '2026-07-01 05:26:38'),
('待补充-D2', '待补充', '监测设备', '设备', '若干', NULL, NULL, 'pending', '2026-07-01 05:26:38'),
('待补充-D3', '待补充', '学术论文', '论文', 1, NULL, NULL, 'pending', '2026-07-01 05:26:38'),
('待补充-D4', '待补充', '发明专利', '专利', 1, NULL, NULL, 'pending', '2026-07-01 05:26:38');
INSERT INTO `deliverables` (`0`, `1`, `2`, `3`, `4`, `5`, `6`, `7`, `8`) VALUES
('待补充-D5', '待补充', '技术报告', '报告', 1, NULL, NULL, 'pending', '2026-07-01 05:26:38'),
('SGSCCD-D1', 'SGSCCD', '保护定值及压板自动核对系统', '系统', 1, NULL, NULL, 'pending', '2026-07-01 05:26:38'),
('SGSCCD-D2', 'SGSCCD', '学术论文', '论文', 1, NULL, NULL, 'pending', '2026-07-01 05:26:38'),
('SGSCCD-D3', 'SGSCCD', '发明专利', '专利', 1, NULL, NULL, 'pending', '2026-07-01 05:26:38'),
('SGSCCD-D4', 'SGSCCD', '技术报告', '报告', 1, NULL, NULL, 'pending', '2026-07-01 05:26:38'),
('SGSCCD-D5', 'SGSCCD', '经费决算报告', '报告', 1, NULL, NULL, 'pending', '2026-07-01 05:26:38'),
('ZH02-202601001-D1', 'ZH02-202601001', '花滩电站大坝内外部观测及维护技术服务', '服务', '全年', NULL, NULL, 'pending', '2026-07-03 01:10:59'),
('ZH02-202601001-D2', 'ZH02-202601001', '技术服务资料', '报告', 1, NULL, NULL, 'pending', '2026-07-03 01:10:59'),
('ZH02-202601001-D3', 'ZH02-202601001', '结算资料', '报告', 1, NULL, NULL, 'pending', '2026-07-03 01:10:59'),
('ZH02-202512056-D1', 'ZH02-202512056', '电力气象服务', '服务', 25, NULL, NULL, 'pending', '2026-07-03 01:10:59'),
('ZH02-202512056-D2', 'ZH02-202512056', '技术服务报告', '报告', 1, NULL, NULL, 'pending', '2026-07-03 01:10:59'),
('ZH02-202604024-D4', 'ZH02-202604024', '三大检索期刊或中文核心期刊论文', '论文', 1, NULL, NULL, 'pending', '2026-07-03 01:10:59'),
('ZH02-202604024-D5', 'ZH02-202604024', '《四川电力技术》论文', '论文', 1, NULL, NULL, 'pending', '2026-07-03 01:10:59'),
('ZH02-202604024-D6', 'ZH02-202604024', '发明专利', '专利', 2, NULL, NULL, 'pending', '2026-07-03 01:10:59'),
('ZH02-202604024-D7', 'ZH02-202604024', '经费财务决算报告', '报告', 1, NULL, NULL, 'pending', '2026-07-03 01:10:59'),
('ZH02-202604024-D8', 'ZH02-202604024', '审计报告', '报告', 1, NULL, NULL, 'pending', '2026-07-03 01:10:59'),
('ZH02-202604021-D1', 'ZH02-202604021', '集成化智能分析工具', '系统', 1, NULL, NULL, 'pending', '2026-07-03 01:10:59'),
('ZH02-202604021-D2', 'ZH02-202604021', '学术论文', '论文', 1, NULL, NULL, 'pending', '2026-07-03 01:10:59'),
('ZH02-202604021-D3', 'ZH02-202604021', '发明专利', '专利', 1, NULL, NULL, 'pending', '2026-07-03 01:10:59'),
('ZH02-202604021-D4', 'ZH02-202604021', '技术报告', '报告', 1, NULL, NULL, 'pending', '2026-07-03 01:10:59'),
('ZH02-202604025-D1', 'ZH02-202604025', '保护定值及压板自动核对系统', '系统', 1, NULL, NULL, 'pending', '2026-07-03 01:10:59'),
('ZH02-202604025-D2', 'ZH02-202604025', '学术论文', '论文', 1, NULL, NULL, 'pending', '2026-07-03 01:10:59'),
('ZH02-202604025-D3', 'ZH02-202604025', '发明专利', '专利', 1, NULL, NULL, 'pending', '2026-07-03 01:10:59'),
('ZH02-202604025-D4', 'ZH02-202604025', '技术报告', '报告', 1, NULL, NULL, 'pending', '2026-07-03 01:10:59'),
('ZH02-202604025-D5', 'ZH02-202604025', '经费决算报告', '报告', 1, NULL, NULL, 'pending', '2026-07-03 01:10:59');

-- ===== finance_records (40 rows) =====
DROP TABLE IF EXISTS `finance_records`;
CREATE TABLE `finance_records` (
`record_id` INT   AUTO_INCREMENT,
  record_id INTEGER PRIMARY KEY AUTOINCREMENT,,
`project_id` TEXT,
  project_id TEXT,,
`project_name` TEXT,
  project_name TEXT,,
`customer` TEXT,
  customer TEXT,,
`project_leader` TEXT,
  project_leader TEXT,,
`contract_amount` DECIMAL(15,4),
  contract_amount REAL,,
`contract_date` DATE,
  contract_date DATE,,
`invoice_total` DECIMAL(15,4),
  invoice_total REAL,,
`invoice_unbilled` DECIMAL(15,4),
  invoice_unbilled REAL,,
`invoice_history` TEXT,
  invoice_history TEXT,,
`payment_total` DECIMAL(15,4),
  payment_total REAL,,
`payment_unreceived` DECIMAL(15,4),
  payment_unreceived REAL,,
`payment_history` TEXT,
  payment_history TEXT,,
`payment_expected_date` TEXT,
  payment_expected_date TEXT,,
`warranty_receivable` DECIMAL(15,4),
  warranty_receivable REAL,,
`warranty_received` DECIMAL(15,4),
  warranty_received REAL,,
`subcontractor` TEXT,
  subcontractor TEXT,,
`subcontractor_contact` TEXT,
  subcontractor_contact TEXT,,
`subcontract_amount` DECIMAL(15,4),
  subcontract_amount REAL,,
`subcontract_date` DATE,
  subcontract_date DATE,,
`sub_invoice_total` DECIMAL(15,4),
  sub_invoice_total REAL,,
`sub_invoice_unbilled` DECIMAL(15,4),
  sub_invoice_unbilled REAL,,
`sub_payment_approved` TEXT,
  sub_payment_approved TEXT,,
`sub_payment_total` DECIMAL(15,4),
  sub_payment_total REAL,,
`sub_payment_unpaid` DECIMAL(15,4),
  sub_payment_unpaid REAL,,
`batch_id` TEXT,
  batch_id TEXT,,
`import_time` DATETIME,
  import_time TIMESTAMP,,
`notes` TEXT,
  notes TEXT,,
`FOREIGN` TEXT
) ENGINE=InnoDB DEFAULT CHARSET=utf8mb4 COLLATE=utf8mb4_unicode_ci;

-- finance_records: 40 rows
INSERT INTO `finance_records` (`0`, `1`, `2`, `3`, `4`, `5`, `6`, `7`, `8`, `9`, `10`, `11`, `12`, `13`, `14`, `15`, `16`, `17`, `18`, `19`, `20`, `21`, `22`, `23`, `24`, `25`, `26`, `27`) VALUES
(41, 'ZH02-202406004', '市南公司2024年220kV琏书东等线路激光防外破装置功能升级技术服务', '重庆供电公司市南分公司', '吴涛', 57.23364, '2024-06-12', 57.23364, 0.0, '已开完
318000元 (2024.9.24)
254336.4元 (2024.10.17)', 57.23364, 0.0, '完结', NULL, 0.0, 0.0, NULL, NULL, 0.0, NULL, 0.0, 0.0, NULL, 0.0, 0.0, '2026-W26', '2026-06-30T18:24:56.221799', NULL),
(42, 'ZH02-202408006', '国网成都输电运检中心2024年输电线路生产运维用移动作业终端维护升级服务', '成都供电公司输电管理所', NULL, 21.8, '2024-08-07', 21.8, 0.0, '已开完
218316元 (2024.10.23 )', 21.8, 0.0, '完结', NULL, 0.0, 0.0, NULL, NULL, 0.0, NULL, 0.0, 0.0, NULL, 0.0, 0.0, '2026-W26', '2026-06-30T18:24:56.222132', NULL),
(43, 'ZH02-202408007', '新型电力系统背景下虚拟电厂规划及运行优化研究', '成都供电公司经研院', NULL, 75.44, '2024-08-13', 75.44, 0.0, '已开完
180300元 (2024.9.3)
180300元 (2024.10.18)
90200元 (2024.11.20)
121400元 (2025.7.8)
102200元 (2025.9.17)
80000元 (2025.11.17)     ', 67.44, 8.0, '已回：674400元
180300元（2024.10.18）
180300元（2024.11.15）
90200元（2024.12.17）
121400元（2025.8.15）          102200元（2025.10.20）
', '2024年：
1、实施方案18.03万元
2、专利申请18.03万元
3、论文和专利9.02万元
2025年（12.31）：
1、论文12.14万元
2、软著12.14万元
3、验收6.08万元', 0.0, 0.0, '淼翰数字科技(上海)有限公司', '张丹萌 19521267561', 26.8, NULL, 0.0, 10.8, '72000元（2026.3.3 ）', 7.2, 19.6, '2026-W26', '2026-06-30T18:24:56.222401', NULL),
(44, 'ZH02-202409008', '国网四川成都供电公司超高压运检中心2024年激光数据支撑分析服务', '超高压公司成都分公司', NULL, 48.389, '2024-09-18', 48.389, 0.0, '已开完
483890元 (2025.1.6)', 48.389, 0.0, '完结', NULL, 0.0, 0.0, NULL, NULL, 0.0, NULL, 0.0, 0.0, NULL, 0.0, 0.0, '2026-W26', '2026-06-30T18:24:56.222556', NULL),
(45, 'ZH02-202410010', '国网眉山供电公司 2024 年 220kV 祖福一线等线路外破隐患监控装置升级技术服务', '国网眉山公司', '吴涛', 40.506, '2024-10-22', 40.506, 0.0, '已开完
405060元 (2025.1.16)', 39.506, 0.0, '
392908.2元 (2025.1.17)
2151.8元 (2026.3.4)', '1、乙方按合同约定完成外破隐患技术服务工程量80%，甲方在客户回款30日内结算并支付已完成工程量的进度款给乙方。
2、乙方完成合同全部技术服务的全部工作并上报相关。成果资料，且经甲方验收合格并达到本项目所有技术服务要求，乙方开具正式发票后，30日内甲方根据客户回款向乙方支付扣除进度款后的剩余价款。', 0.0, 0.0, NULL, NULL, 0.0, NULL, 0.0, 0.0, NULL, 0.0, 0.0, '2026-W26', '2026-06-30T18:24:56.222708', NULL),
(46, 'ZH02-202411014', '国网四川成都供电公司超高压运检中心2024年 GIS 设备X射线图谱库应用项目', '超高压公司成都分公司', NULL, 43.12, '2024-11-14', 43.12, 0.0, '已开完
431200元  (2024.12.10)                ', 43.12, 0.0, '完结（25.3.14收款）               ', NULL, 0.0, 0.0, NULL, NULL, 0.0, NULL, 0.0, 0.0, NULL, 0.0, 0.0, '2026-W26', '2026-06-30T18:24:56.222899', NULL),
(47, 'ZH02-202503003', '水文数字孪生地理信息数据底板数据处理与运维合同', '云南省水文水资源局', NULL, 9.78, '2025-03-26', 9.78, 0.0, '已开完', 0.0, 0.0, '97800元', NULL, 0.0, 0.0, NULL, NULL, 0.0, NULL, 0.0, 0.0, NULL, 0.0, 0.0, '2026-W26', '2026-06-30T18:24:56.223035', NULL),
(48, 'ZH02-202506008', '国网阿坝供电公司110KV隆康变电站地质灾害在线监测', '成都辰洲电力设备有限公司', NULL, 13.8, '2025-06-05', 13.11, 0.0, '
已开完：138000 元
69000元（2025.6.11）                  62100元（2025.7.4）                   6900元 质保金（2026.6.24）
4500元 运维费（2026.6.24）', 13.11, 0.69, '69000元（2025.6.12）
62100元（2025.7.9）
合计：131100元', NULL, 0.69, 0.0, NULL, NULL, 0.0, NULL, 0.0, 0.0, NULL, 0.0, 0.0, '2026-W26', '2026-06-30T18:24:56.223200', NULL),
(49, 'ZH02-202507011', '基于计算机视觉和自主学习的高压电缆中间接头施工质量在线识别科学技术项目合同', '国网四川省电力公司成都供电公司', '黄亚杰', 48.5347, '2025-07-01', 29.0, 19.5347, '已开：290000元
170000元 (2025.11.24)        
120000元 ( 2025.12.9)', 12.0, 19.5347, '170000元、120000元（2026.1.23）', '2025年：
1、17万元
2、12万元
2026年：
1、2026年1月1日-2026年3月31日：11万元。
2、2026年4月1日-2026年6月30日：8.5347万元。（为预留经费，由甲方进行挂账并在合同所属科技项目验收完成后支付。）', 0.0, 0.0, '重庆理工大学', '陈新岗 023-62563152', 41.2552, NULL, 10.2, 31.0552, '102000元(2026.3.16)', 10.2, 31.0552, '2026-W26', '2026-06-30T18:24:56.223371', NULL),
(50, 'ZH02-202508013', '国网四川电科院2025年川西高原冻融区域排查技术服务', '国网四川省电力公司电力科学研究院', '黄亚杰', 80.8356, '2025-08-04', 80.8356, 0.0, '已开完
808356元 (2025.9.17)
', 0.0, 0.0, '808356元', NULL, 0.0, 0.0, NULL, NULL, 0.0, NULL, 0.0, 0.0, NULL, 0.0, 0.0, '2026-W26', '2026-06-30T18:24:56.223545', NULL),
(51, 'ZH02-202508014', '国⽹四川乐⼭供电公司 2025 年输电线路覆冰拉⼒监测装置北⽃通信功能升级技术服务合同', '国网四川乐山供电公司', '黄亚杰', 42.12, '2025-08-08', 42.12, 0.0, '已开完
291600元 (2025.9.25)
129600元 (2025.12.10)', 40.8564, 1.2636, '116964元（2026.4.13）
291600元（2026.4.13）', '项目结算完毕后。', 1.2636, 0.0, '成都科宇电气设备维修
有限公司', '孙琪 15982686116', 35.17, '2025-09-26', 35.17, 0.0, '242673元（2025.11.14）
109027元（2026.6.22）', 0.0, 1.0551, '2026-W26', '2026-06-30T18:24:56.223797', NULL),
(52, 'ZH02-202508016', '龙泉驿区地质灾害边坡雷达监测预警服务项目', '龙泉驿区规划和自然资源局', '李德高', 29.66, '2025-08-14', 29.66, 0.0, '已开：296600元
148300元 (2025.9.2)
148300元  (2026.5.19)', 29.66, 0.0, ' 
148300元（2025.9.9）
148300元（2026.5.19）
', '1、完成现场踏勘，收到乙方提供的增值税发票起10个工作日内，回款50%：14.83万元。
2、项目服务时间完成（2026.4.15）并经验收合格后，收到乙方提供的增值税发票起10个工作日内，回款50%：14.83万元。', 0.0, 0.0, NULL, NULL, 0.0, NULL, 0.0, 0.0, NULL, 0.0, 0.0, '2026-W26', '2026-06-30T18:24:56.223951', NULL),
(53, 'ZH02-202508019', '眉山多能国网四川眉山供电公司输变电运检中心220kV福枣线等线路北斗地灾监测装置大修技术服务', '眉山多能电力建设有限责任公司', '黄亚杰', 66.500007, '2025-08-20', 66.500007, 0.0, '已开完
665000.07元 (2025.12.18)', 64.505007, 1.995, '300000元（2026.2.11） 
345050.07元（2026.3.27）
19950元（质保金待确认）', '1、2025.12.31项目验收合格后，成果文件正式提交之日起30个工作日甲方向乙方支付至结算价的97%:64.5万元。
2、2026.12.31 质保金：1.995万元。', 1.995, 0.0, NULL, NULL, 0.0, NULL, 0.0, 0.0, NULL, 0.0, 0.0, '2026-W26', '2026-06-30T18:24:56.224099', NULL),
(54, 'ZH02-202509024', '国网剑阁县供电公司2025年武连、汉阳、东宝宗地图测绘服务', '国网四川省电力公司剑阁县供电分公司', '邓洁', 1.55, '2025-09-25', 1.55, 0.0, '已开完
15500元 (2025.11.10)', 0.0, 0.0, '已回完
15500元（2025-12-19）', NULL, 0.0, 0.0, '四川精宇测绘有限公司', '李志 15282016468', 12.4, '2025-10-11', 1.24, 0.0, NULL, 0.0, 1.24, '2026-W26', '2026-06-30T18:24:56.224259', NULL),
(55, 'ZH02-202509025', '基于大语言模型的电网稳定断面限额语义识别与公式生成系统研发', '国网四川省电力公司电力科学研究院', '黄亚杰', 125.085, '2025-09-26', 112.5765, 12.5085, '已开：1125765元
400000元（2025.10.14)
353300元（2025.10.14)
372465元（2026.2.27）', 112.5765, 12.5085, '已回：1125765元
753300元（2026.1.9）                                       372465元（2026.4.17）', '2025年：75.33万元
1、2025.9.30：40万元。
2、2025.10.1-2025.12.31: 35.33万元。
2026年：49.755万元
1、2026.1.1-2026.3.31: 37.2645万元。
2、2026.4.1-2026.6.30: 12.5085万元。', 0.0, 0.0, '传申弘安智能(深圳)有限公司', '豆泽阳 13261111139', 100.0, '2025-09-26', 71.7552, 0.0, '申请前两笔付款共602230元(2026.1.28)
2026.4.21、5.21：￥297770（已提交 延期再付）
应付297770元，先申请100000元（2026.6.8）    
197770元（297770-100000)(2026.6.22）', 90.0, 10.0, '2026-W26', '2026-06-30T18:24:56.224449', NULL),
(56, 'ZH02-202510038', '产品购销合同-北斗激光防外破指向仪ZHF07', '四川森普达能源有限责任公司', NULL, 22.5, '2025-10-13', 0.0, 0.0, NULL, 0.0, 22.5, NULL, '合同签订后付款。', 0.0, 0.0, NULL, NULL, 0.0, NULL, 0.0, 0.0, NULL, 0.0, 0.0, '2026-W26', '2026-06-30T18:24:56.224578', NULL),
(57, 'ZH02-202511044', '国网德阳供电公司市区供电中心2025年农村供电所台区供电可靠性分析及优化提升服务', '国网四川省电力公司德阳供电公司', '邓洁', 22.648, '2025-11-13', 6.34144, 0.0, '已开完
163065.6元、63414.4元   
( 2025.12.15)', 0.0, 0.0, '已回完
226480元（26-1-14）', NULL, 0.0, 0.0, '四川久越电力科技有限公司', '王荣鑫 18581776901', 19.2508, NULL, 0.0, 0.0, NULL, 0.0, 0.0, '2026-W26', '2026-06-30T18:24:56.224723', NULL),
(58, 'ZH02-202512058', '国网眉山供电公司东坡供电中心2025年城网供电能力辅助分析提升服务', '国网四川省电力公司眉山供电公司', '黄亚杰', 35.7, '2025-12-14', 35.7, 0.0, '已开完
357000元 (2025.12.24)', 34.629, 1.071, '249900元（2026.3.5）
96390元（2026.3.16）', '1、2025.12.31验收后30日内回款97%：34.629万元。
2、2026.12.31回款3%：1.11万元。', 1.071, 0.0, '浙江优能电力设计有限公司', '周成杰 13306652580', 31.5945, '2025-12-31', 31.5945, 0.0, '315945元（2026.5.11）', 31.5945, 0.0, '2026-W26', '2026-06-30T18:24:56.224906', NULL),
(59, 'ZH02-202512056', '国网雅安供电公司 2025 年区域变电站预警能力提升咨询服务技术服务合同', '国网四川省电力公司雅安供电公司', '姜沛青', 17.0766, '2025-12-11', 17.0766, 0.0, '已开完
170766元（2025.12.10）', 0.0, 17.0766, NULL, '1、2026.12.31竣工验收后60日内回款：17.0766万元。
2、2027.12.31质保金：5122.98元。', 0.5122979999999999, 0.0, '东莞绿光新能源科技有限公司', '王新威 13728472165', 14.0, NULL, 0.0, 0.0, NULL, 0.0, 0.0, '2026-W26', '2026-06-30T18:24:56.225058', NULL),
(60, 'ZH02-202512057', '国网四川超高压公司自贡分部2025年500kV建叙一二线等线路覆冰预测技术服务', '国网四川省电力公司超高压分公司', '邓洁', 18.868, '2025-12-13', 13.679210000000001, 13.679210000000001, '已开完：136792.1元
26729.1元（2025.12.18)       
110063元  (2026.4.17)', 13.679210000000001, 0.0, '26729.1元（2026.1.23）
110063元（2026.5.22）', '2026.3.31合同执行完后回款
结算价的100%。（按工作量结款）', 0.0, 0.0, '西华大学', '王涛 13608216926', 16.9812, NULL, 12.311289, 4.669911, '24056.2元（2025.12.30）
99056.69元（2026.6.23）', 2.40562, 9.905669, '2026-W26', '2026-06-30T18:24:56.225249', '=DISPIMG("ID_90A4641DEF624A90BBA34ECF10410DBA",1)'),
(61, 'ZH02-202512055', '国网四川资阳安岳供电公司2025年110kV镇子变电站电力气象功能完善技术服务', '国网四川省电力公司安岳县供电分公司', '邓洁', 7.2, '2025-12-04', 7.2, 0.0, '已开完
72000元 (2025.12.23)', 0.0, 7.2, '验收材料已交，未开工。', '1、2025.12.31验收后一次性回款97%：69840元。
2、2026.12.31质保金：2160元。', 0.216, 0.0, NULL, NULL, 0.0, NULL, 0.0, 0.0, NULL, 0.0, 0.0, '2026-W26', '2026-06-30T18:24:56.225406', NULL),
(62, 'ZH02-202601002', '国网宁南县供电公司安监部2026年应急监测预警技术服务', '国网四川宁南县供电有限责任公司', '姜沛青', 25.3, '2026-01-08', 12.65, 12.65, '已开126500
63250元（2026.3.16）
（26.3.9 开票63250元，日期早于挂帐日期，审计原因26.3.12冲红，26.3.16已重开。）
63250元（2026.6.16）', 6.325, 18.975, '63250元（2026.4.15）
62350元（开票2026.6.15 ）等甲方挂账，预计8月回款？', '季度付
1、2026.1.8-2026.4.8
2、2026.4.9-2026.7.8
3、2026.7.9-2026.10.8
4、2026.10.9-2026.12.31
', 0.0, 0.0, NULL, NULL, 0.0, NULL, 0.0, 0.0, '预计7月审批', 0.0, 0.0, '2026-W26', '2026-06-30T18:24:56.225565', NULL),
(63, 'ZH02-202601005', '国网凉山供电公司2026年地震动态监测预警告警技术支持服务', '国网四川省电力公司凉山供电公司', '姜沛青', 85.95, '2026-01-07', 47.175, 38.775, '已开471750元
277875元（2026.3.16）
193875元（2026.6.15）', 27.7875, 58.1625, '277875元（2026.4.8）

193875元（开票2026.6.15）预计2026.7回款', '2026.12.15验收后60日内回款。', 0.0, 0.0, '成都市美幻科技有限公司', '李虹 13308084493', 68.76, '2026-01-26', 22.23, 46.53, '222300元（2026.4.20已提交，延期再付）
', 0.0, 46.53, '2026-W26', '2026-06-30T18:24:56.225757', ' '),
(64, 'ZH02-202601012', '国网凉山供电公司2026年电网图集绘制技术服务', '国网四川省电力公司凉山供电公司', '姜沛青', 22.275, '2026-01-27', 22.275, 0.0, '已开完
222750元 (2026.3.16)
', 0.0, 22.275, ' 已挂账，预计26/6回款。', '2026.3.30验收合格后一次性支付。', 0.0, 0.0, '四川名扬广告有限责任公司', '杨老师13980091440', 18.275, '2026-03-06', 0.0, 0.0, NULL, 0.0, 0.0, '2026-W26', '2026-06-30T18:24:56.225923', NULL),
(65, 'ZH02-202601004', '四川雅电发电公司2026年度水库电站大坝安全监测测绘服务', '四川雅电发电有限责任公司', '姜沛青', 9.9, '2026-01-12', 0.0, 0.0, NULL, 0.0, 0.0, ' ', '2026.12.31验收后一次性支付。', 0.0, 0.0, '都江堰匠筑建筑劳务有限公司', '岳阳', 17.8939, '2026-02-27', 0.0, 0.0, NULL, 0.0, 0.0, '2026-W26', '2026-06-30T18:24:56.226067', NULL),
(66, 'ZH02-202601001', '国网雅安电力（集团）公司2026年花滩电站大坝内外部观测及维护', '国网四川雅安电力（集团）股份有限公司荥经县供电分公司', '姜沛青', 13.5, '2026-01-08', 6.75, 6.75, '已开67500元
67500元 (2026.6.3)
', 0.0, 13.5, NULL, '2026.12.30
1、验收技术服务资料回款50%：67500元。
2、完成技术服务内容回款50%：67500元。', 0.0, 0.0, NULL, NULL, 0.0, NULL, 0.0, 0.0, NULL, 0.0, 0.0, '2026-W26', '2026-06-30T18:24:56.226206', NULL),
(67, 'ZH02-202601008', '国网凉山供电公司2026年基于配网经济运行提升的降损管控分析技术服务', '国网四川省电力公司凉山供电公司', '姜沛青', 56.1, '2026-01-26', 28.62, 27.48, '已开：286200元
286200元（2026.6.9）
', 0.0, 0.0, NULL, '2027.1.26验收后一次性支付。', 0.0, 0.0, '四川针坚科技有限公司（已作废）

成都瑞达赛德科技有限公司', '王旭 19983197256（已作废）

谢红梅 15908118567', 42.075, '2026-05-12', 0.0, 0.0, NULL, 0.0, 0.0, '2026-W26', '2026-06-30T18:24:56.226354', NULL),
(68, 'ZH02-202603015', '国网泸州供电公司2026年电网仿真数据平台和分析程序升级技术服务', '国网泸州供电公司', '黄亚杰', 16.94, '2026-03-25', 0.0, 0.0, NULL, 0.0, 0.0, NULL, '技术服务报酬由甲方一次支付乙方：乙方完成相关技术服务工作，经验收后（2026.12.15） 30 日内甲方支付全款。', 0.0, 0.0, '重庆博宇自动化系统装置有限公司', '杜虹霖  18983922333', 16.94, '2026-04-08', 16.94, 0.0, '169400元（2026.4.20）', 16.94, 0.0, '2026-W26', '2026-06-30T18:24:56.226501', NULL),
(69, 'ZH02-202602014', '国网四川绵阳盐亭公司2026年变电站二次设备软件维护技术支持服务', '国网四川绵阳盐亭公司', '邓洁', 28.62, '2026-02-27', 14.31, 14.31, '已开143100元
143100元(2026.3.12)

', 0.0, 0.0, '预计2026.7回款。', '1、本项目数量为预估量，最终按验收合格实际数量*成交单价结算，但不得超过成交总价。
2、乙方向甲方开具增值税专用发票(税率为6%)，完成约定工作内容并验收合格后支付合同约定金额的97%_。
3、2026.12.30前验收合格满一年后，项目不存在质量问题，支付合同金额3%的质保金。', 0.0, 0.0, '成都舍南科技有限公司', '陈明俊 15182242280', 23.4684, '2026-03-17', 0.0, 0.0, NULL, 0.0, 0.0, '2026-W26', '2026-06-30T18:24:56.226654', NULL),
(70, 'ZH02-202601010', '2026年研发辅助技术服务(蜀能高新分2026年研发辅助技术服务)', '四川蜀能电力有限公司高新分公司', '黄亚杰', 220.79304, '2026-02-12', 30.265865, 190.527175, '已开:216764.25元
114912元 (2026.4.3)
101852.25元 (2026.5.6)
85894.4元（2026.6.10）', 21.676425, 199.116615, '114912元（2026.4.21）
101852.25元（2026.5.15）
85894.4元（2026.6.？）', '2026.2.12-2027.2.28
分期：根据工作量按进度结算费用。', 0.0, 0.0, '成都振华永创科技有限公司', '张文 18108061666', 217.4811, '2026-03-01', 29.811877000000003, 18.669223000000002, '113188.32元（2026.4.27）
100324.47元（2026.6.1）
84605.98元（2026.6.24）', 21.351279, 196.129821, '2026-W26', '2026-06-30T18:24:56.226855', NULL),
(71, 'ZH02-202601011', '2026年研发辅助技术服务(蜀能电科2026年研发辅助技术服务)', '四川蜀能电科能源技术有限公司', '黄亚杰', 496.5995, '2026-02-06', 94.852565, 401.746935, '已开528531元
224564.9元 (2026.4.3)
303966.1元 (2026.5.6)
419994.65元（2026.6.10）', 52.8531, 443.7464, '224564.9元（2026.4.24）
303966.1元（2026.5.15）', '2026.2.6-2027.2.28
分期：根据工作量按进度结算费用。', 0.0, 0.0, NULL, NULL, 483.4722, '2026-03-01', 87.75147700000001, 395.720723, '164413.43元（2026.4.27）
299406.61元（2026.6.1）
413694.73元（2026.6.24）', 46.382003999999995, 437.090196, '2026-W26', '2026-06-30T18:24:56.227032', NULL),
(72, 'ZH02-202604029', '国网绵阳供电公司2026年保护区分布“一张图”绘制技术咨询服务', '国网四川省电力公司绵阳供电公司', '邓洁', 44.5, '2026-04-24', 0.0, 0.0, NULL, 0.0, 0.0, NULL, '技术服务报酬由甲方 一次 支付乙方： 提供全套电子资料成果文件，3 份纸质成果报告后一次性支付合同额 100%。', 0.0, 0.0, '绵阳杰翊图文设计有限公司', '李好 18084880627', 37.825, NULL, 0.0, 0.0, NULL, 0.0, 0.0, '2026-W26', '2026-06-30T18:24:56.227164', NULL),
(73, 'ZH02-202604021', '基于视觉高斯三维建模的高海拔:山地输配电线路走廊树障风险预判技术研究', '国网四川阿坝州电力有限责任公司', '姜沛青', 67.734, '2026-04-16', 12.3066, 55.4274, '已开：123066元
123066元（26.6.9）', 0.0, 0.0, NULL, '2026.6.30、2026.9.30、2026.12.31：41.022万元(2026.6.30按甲方2026年提供经费的30%向乙方支付研究费用、2026.9.30甲方2026年提供经费的45%向乙方支付研究费用、2026.12.31甲方2026年提供经费的25%向乙方支付研究费用。)

2027.3.31、2027.6.30、2027.9.30、2027.12.31：26.712万元（2027.3.31甲方2027年提供经费的30%向乙方支付研究费用、2027.6.30及2027.9.30按甲方2027年提供经费的40%向乙方支付研究费用、2027.12.31经甲方验收合格，乙方按甲方提供经费的30%开具发票，由甲方进行挂账并在合同所属科技项目验收通过后进行支付。）
', 0.0, 0.0, '四川诺特科技有限公司', '周兴 13438848359', 60.9606, '2026-05-12', 60.9606, 0.0, '609606元（2026.5.18）

下一笔预计8月付款', 60.9606, 0.0, '2026-W26', '2026-06-30T18:24:56.227322', NULL),
(74, 'ZH02-202604028', '国网绵阳供电公司2026年地震预警设备运维及信息服务', '国网四川省电力公司绵阳供电公司', '邓洁', 21.73212, '2026-04-28', 0.0, 0.0, NULL, 0.0, 0.0, NULL, '技术服务报酬由甲方 一次支付乙方：外包业务服务经甲方验收通过，乙方向甲方提供符合要求的发票后·60·日内，甲方一次性支付全部外包费用，付款方式包括但不限于支票、电汇或银行承兑汇票等国家法律允许的交易方式，付款日期以买方在银行办理支票、电汇或银行承兑汇票的日期为准，另有约定的除外 。', 0.0, 0.0, '天津君秒安减灾科技有限公司', '余超 19150294585', 17.3856, '2026-05-11', 0.0, 0.0, NULL, 0.0, 0.0, '2026-W26', '2026-06-30T18:24:56.227458', NULL),
(75, 'ZH02-202604024', '2026年基于无线电侦测和诱骗的变电站站域无人机风险防范关键技术研究等2个项目', '国网四川省电力公司成都供电公司', '邓洁', 63.5, '2026-04-24', 0.0, 0.0, NULL, 0.0, 0.0, NULL, '2026.6.30、2026.9.30：15.24万元
2026.12.31：22.86万元
2027.3.31、2026.6.31：10万元
20279.30：7.78万元
2027.10.31：7.62万元', 0.0, 0.0, '西南科技大学', '张情', 32.8, NULL, 0.0, 0.0, NULL, 0.0, 0.0, '2026-W26', '2026-06-30T18:24:56.227584', NULL),
(76, 'ZH02-202604023', '2026年电力隧道结构智能监测及安全预警技术研究与应用等2个项目', '国网四川省电力公司成都供电公司', '邓洁', 63.5, '2026-04-24', 0.0, 0.0, NULL, 0.0, 0.0, NULL, '2026.9.30：19.05万元
2026.12.31：19.05万元
2027.3.31、2027.6.30、2027.9.30：12.7万元
2027.11.15：12.7万元', 0.0, 0.0, '成都星感智联科技有限公司', '席贺伟 13452897031', 50.8, '2026-06-24', 20.0, 30.8, '200000（2026.6.24）', 0.0, 0.0, '2026-W26', '2026-06-30T18:24:56.227739', NULL),
(77, 'ZH02-202604026', '2026年面向配网班组不停电作业的第一视角视觉指导大模型及协同装备研制', ' 国网四川省电力公司成都供电公司', '邓洁', 108.438, '2026-04-24', 0.0, 0.0, NULL, 0.0, 0.0, NULL, '2026.8.31：30万元
2027.3.31：40万元
2027.10.31：27.438万元
验收后：11万元', 0.0, 0.0, '四川大川云能科技有限公司', '岳汶琪 028-85061596/
            18284514486', 86.7504, NULL, 0.0, 0.0, NULL, 0.0, 0.0, '2026-W26', '2026-06-30T18:24:56.227867', NULL),
(78, 'ZH02-202604026', '2026年基于生成式大语言模型的变电站保护定值及压板自动核对技术研究等两个项目', '国网四川省电力公司成都供电公司', '邓洁', 82.8, '2026-04-24', 10.2, 72.6, '已开：102000元
102000元（26.6.22）', 0.0, 0.0, NULL, '2026.6.30：10.2万元
2026.9.30：20.54万元
2026.12.30：18.94万元
2027.6.30：19.54万元
2027.12.30：13.58万元', 0.0, 0.0, '成都盛茂基业科技有限公司', '李文强 028-85022617', 69.138, '2026-06-02', 0.0, 0.0, NULL, 0.0, 0.0, '2026-W26', '2026-06-30T18:24:56.228009', NULL),
(79, 'ZH02-202604020', '基于精细化气象要素及分布式光伏预测的地市电网供电能力提升研究等2个科技项目', '国网四川省电力公司凉山供电公司', '姜沛青', 77.1, '2026-04-16', 15.0, 62.1, '150000元（2026.6.16 ）', 0.0, 0.0, '挂账后回款，预计8月。', '2026年：30.86万元（完成三个阶段的
约定内容后支付：合同签订之日-2026. 6 .30 、2026 .7 . 1-2026 .9.30 、2026 . 10 .1- 2026 .12.31 ）

2027年：46.24万元（完成三个阶段的约定内容后支付：2027.1 .1-2027.3.31.、2027  .4 .1-2027.6.30、2027.7.1- 2027.10.31）', 0.0, 0.0, '国能日新科技股份有限公司', '郑文龙 18513174546', 64.3785, NULL, 0.0, 0.0, NULL, 0.0, 0.0, '2026-W26', '2026-06-30T18:24:56.228148', NULL),
(80, 'ZH02-202604018', '国网四川自贡富顺县供电公司2026年水电站大坝形变观测技术服务', '国网四川省电力公司自贡供电公司', '邓洁', 2153.0, '2026-04-14', 3.10765, 3.10765, '31076.5元（2026.6.15）', 0.0, 0.0, '挂账后回款', '（1） 乙方可根据技术服务实际进度实时申请相应进度比例的技术服务报酬进度款，进度款最高可申请支付至签约合同价格的80% 。
（2） 技术服务通过竣工验收且结算完毕，甲方向乙方支付剩余结算价款。', 0.0, 0.0, '四川华城工程设计咨询有限公司', '黄文敏 13330984807', 4.8, NULL, 0.0, 0.0, NULL, 0.0, 0.0, '2026-W26', '2026-06-30T18:24:56.228301', NULL);

-- ===== invoices (71 rows) =====
DROP TABLE IF EXISTS `invoices`;
CREATE TABLE `invoices` (
`invoice_id` INT   AUTO_INCREMENT,
  invoice_id INTEGER PRIMARY KEY AUTOINCREMENT,,
`project_id` TEXT NOT NULL,
  project_id TEXT NOT NULL,,
`invoice_type` TEXT NOT NULL DEFAULT '客户开票',
  invoice_type TEXT NOT NULL DEFAULT '客户开票',,
`direction` TEXT NOT NULL DEFAULT 'outbound',
  direction TEXT NOT NULL DEFAULT 'outbound',,
`invoice_no` TEXT,
  invoice_no TEXT,,
`invoice_date` TEXT,
  invoice_date TEXT,,
`amount` DECIMAL(15,4) NOT NULL,
  amount REAL NOT NULL,,
`tax_rate` DECIMAL(15,4),
  tax_rate REAL,,
`tax_amount` DECIMAL(15,4),
  tax_amount REAL,,
`total_with_tax` DECIMAL(15,4),
  total_with_tax REAL,,
`status` TEXT  DEFAULT '已开',
  status TEXT DEFAULT '已开',,
`received_date` TEXT,
  received_date TEXT,,
`payment_status` TEXT  DEFAULT '未匹配',
  payment_status TEXT DEFAULT '未匹配',,
`notes` TEXT,
  notes TEXT,,
`source` TEXT  DEFAULT 'finance_records_import',
  source TEXT DEFAULT 'finance_records_import',,
`created_at` DATETIME  DEFAULT CURRENT_TIMESTAMP,
  created_at TIMESTAMP DEFAULT CURRENT_TIMESTAMP, verification_status TEXT DEFAULT 'unverified',,
`FOREIGN` TEXT
) ENGINE=InnoDB DEFAULT CHARSET=utf8mb4 COLLATE=utf8mb4_unicode_ci;

-- invoices: 71 rows
INSERT INTO `invoices` (`0`, `1`, `2`, `3`, `4`, `5`, `6`, `7`, `8`, `9`, `10`, `11`, `12`, `13`, `14`, `15`, `16`) VALUES
(1, 'ZH02-202406004', '客户开票', 'outbound', NULL, '2024-09-24', 318000.0, 6.0, 18000.0, NULL, '已开', NULL, '未匹配', 'completed', 'finance_records_import', '2026-07-01 06:03:22', 'verified'),
(2, 'ZH02-202406004', '客户开票', 'outbound', NULL, '2024-10-17', 254336.4, 6.0, 14396.4, NULL, '已开', NULL, '未匹配', 'completed', 'finance_records_import', '2026-07-01 06:03:22', 'verified'),
(3, 'ZH02-202408006', '客户开票', 'outbound', NULL, '2024-10-23', 218316.0, 6.0, 12357.51, NULL, '已开', NULL, '未匹配', 'completed', 'finance_records_import', '2026-07-01 06:03:22', 'unverified'),
(4, 'ZH02-202408007', '客户开票', 'outbound', NULL, '2024-09-03', 180300.0, 6.0, 10205.66, NULL, '已开', NULL, '未匹配', 'completed', 'finance_records_import', '2026-07-01 06:03:22', 'verified'),
(5, 'ZH02-202408007', '客户开票', 'outbound', NULL, '2024-10-18', 180300.0, 6.0, 10205.66, NULL, '已开', NULL, '未匹配', 'completed', 'finance_records_import', '2026-07-01 06:03:22', 'verified'),
(6, 'ZH02-202408007', '客户开票', 'outbound', NULL, '2024-11-20', 90200.0, 6.0, 5105.66, NULL, '已开', NULL, '未匹配', 'completed', 'finance_records_import', '2026-07-01 06:03:22', 'verified'),
(7, 'ZH02-202408007', '客户开票', 'outbound', NULL, '2025-07-08', 121400.0, 6.0, 6871.7, NULL, '已开', NULL, '未匹配', 'completed', 'finance_records_import', '2026-07-01 06:03:22', 'verified'),
(8, 'ZH02-202408007', '客户开票', 'outbound', NULL, '2025-09-17', 102200.0, 6.0, 5784.91, NULL, '已开', NULL, '未匹配', 'completed', 'finance_records_import', '2026-07-01 06:03:22', 'verified'),
(9, 'ZH02-202408007', '客户开票', 'outbound', NULL, '2025-11-17', 80000.0, 6.0, 4528.3, NULL, '已开', NULL, '未匹配', 'completed', 'finance_records_import', '2026-07-01 06:03:22', 'verified'),
(10, 'ZH02-202408007', '客户回款', 'inbound', NULL, '2024-10-18', 180300.0, 6.0, 10205.66, NULL, '已回款', NULL, '未匹配', '', 'finance_records_import', '2026-07-01 06:03:22', 'verified'),
(11, 'ZH02-202408007', '客户回款', 'inbound', NULL, '2024-11-15', 180300.0, 6.0, 10205.66, NULL, '已回款', NULL, '未匹配', '', 'finance_records_import', '2026-07-01 06:03:22', 'verified'),
(12, 'ZH02-202408007', '客户回款', 'inbound', NULL, '2024-12-17', 90200.0, 6.0, 5105.66, NULL, '已回款', NULL, '未匹配', '', 'finance_records_import', '2026-07-01 06:03:22', 'verified'),
(13, 'ZH02-202408007', '客户回款', 'inbound', NULL, '2025-08-15', 121400.0, 6.0, 6871.7, NULL, '已回款', NULL, '未匹配', '', 'finance_records_import', '2026-07-01 06:03:22', 'verified'),
(14, 'ZH02-202409008', '客户开票', 'outbound', NULL, '2025-01-06', 483890.0, 6.0, 27390.0, NULL, '已开', NULL, '未匹配', 'completed', 'finance_records_import', '2026-07-01 06:03:22', 'verified'),
(15, 'ZH02-202410010', '客户开票', 'outbound', NULL, '2025-01-16', 405060.0, 6.0, 22927.92, NULL, '已开', NULL, '未匹配', 'completed', 'finance_records_import', '2026-07-01 06:03:22', 'verified'),
(16, 'ZH02-202410010', '客户回款', 'inbound', NULL, '2025-01-17', 392908.2, 6.0, 22240.09, NULL, '已回款', NULL, '未匹配', '', 'finance_records_import', '2026-07-01 06:03:22', 'verified'),
(17, 'ZH02-202410010', '客户回款', 'inbound', NULL, '2026-03-04', 2151.8, 6.0, 121.8, NULL, '已回款', NULL, '未匹配', '', 'finance_records_import', '2026-07-01 06:03:22', 'verified'),
(18, 'ZH02-202411014', '客户开票', 'outbound', NULL, '2024-12-10', 431200.0, 6.0, 24407.55, NULL, '已开', NULL, '未匹配', 'completed', 'finance_records_import', '2026-07-01 06:03:22', 'verified'),
(19, 'ZH02-202506008', '客户开票', 'outbound', NULL, '2025-06-11', 69000.0, 6.0, 3905.66, NULL, '已开', NULL, '未匹配', 'completed', 'finance_records_import', '2026-07-01 06:03:22', 'unverified'),
(20, 'ZH02-202506008', '客户回款', 'inbound', NULL, '2025-06-12', 69000.0, 6.0, 3905.66, NULL, '已回款', NULL, '未匹配', '', 'finance_records_import', '2026-07-01 06:03:22', 'unverified'),
(21, 'ZH02-202506008', '客户回款', 'inbound', NULL, '2025-07-09', 62100.0, 6.0, 3515.09, NULL, '已回款', NULL, '未匹配', '', 'finance_records_import', '2026-07-01 06:03:22', 'unverified'),
(22, 'ZH02-202507011', '客户开票', 'outbound', NULL, '2025-11-24', 170000.0, 6.0, 9622.64, NULL, '已开', NULL, '未匹配', '', 'finance_records_import', '2026-07-01 06:03:22', 'verified'),
(23, 'ZH02-202507011', '客户开票', 'outbound', NULL, '2025-12-09', 120000.0, 6.0, 6792.45, NULL, '已开', NULL, '未匹配', '', 'finance_records_import', '2026-07-01 06:03:22', 'verified'),
(24, 'ZH02-202508013', '客户开票', 'outbound', NULL, '2025-09-17', 808356.0, 6.0, 45756.0, NULL, '已开', NULL, '未匹配', 'completed', 'finance_records_import', '2026-07-01 06:03:22', 'verified'),
(25, 'ZH02-202508014', '客户开票', 'outbound', NULL, '2025-09-25', 291600.0, 6.0, 16505.66, NULL, '已开', NULL, '未匹配', 'completed', 'finance_records_import', '2026-07-01 06:03:22', 'verified'),
(26, 'ZH02-202508014', '客户开票', 'outbound', NULL, '2025-12-10', 129600.0, 6.0, 7335.85, NULL, '已开', NULL, '未匹配', 'completed', 'finance_records_import', '2026-07-01 06:03:22', 'verified'),
(27, 'ZH02-202508014', '客户回款', 'inbound', NULL, '2026-04-13', 116964.0, 6.0, 6620.6, NULL, '已回款', NULL, '未匹配', '', 'finance_records_import', '2026-07-01 06:03:22', 'verified'),
(28, 'ZH02-202508014', '客户回款', 'inbound', NULL, '2026-04-13', 291600.0, 6.0, 16505.66, NULL, '已回款', NULL, '未匹配', '', 'finance_records_import', '2026-07-01 06:03:22', 'verified'),
(29, 'ZH02-202508016', '客户开票', 'outbound', NULL, '2025-09-02', 148300.0, 6.0, 8394.34, NULL, '已开', NULL, '未匹配', '', 'finance_records_import', '2026-07-01 06:03:22', 'verified'),
(30, 'ZH02-202508016', '客户开票', 'outbound', NULL, '2026-05-19', 148300.0, 6.0, 8394.34, NULL, '已开', NULL, '未匹配', '', 'finance_records_import', '2026-07-01 06:03:22', 'verified'),
(31, 'ZH02-202508016', '客户回款', 'inbound', NULL, '2025-09-09', 148300.0, 6.0, 8394.34, NULL, '已回款', NULL, '未匹配', '', 'finance_records_import', '2026-07-01 06:03:22', 'verified'),
(32, 'ZH02-202508016', '客户回款', 'inbound', NULL, '2026-05-19', 148300.0, 6.0, 8394.34, NULL, '已回款', NULL, '未匹配', '', 'finance_records_import', '2026-07-01 06:03:22', 'verified'),
(33, 'ZH02-202508019', '客户开票', 'outbound', NULL, '2025-12-18', 665000.07, 6.0, 37641.51, NULL, '已开', NULL, '未匹配', 'completed', 'finance_records_import', '2026-07-01 06:03:22', 'verified'),
(34, 'ZH02-202508019', '客户回款', 'inbound', NULL, '2026-02-11', 300000.0, 6.0, 16981.13, NULL, '已回款', NULL, '未匹配', '', 'finance_records_import', '2026-07-01 06:03:22', 'verified'),
(35, 'ZH02-202508019', '客户回款', 'inbound', NULL, '2026-03-27', 345050.07, 6.0, 19531.14, NULL, '已回款', NULL, '未匹配', '', 'finance_records_import', '2026-07-01 06:03:22', 'verified'),
(36, 'ZH02-202509024', '客户开票', 'outbound', NULL, '2025-11-10', 15500.0, 6.0, 877.36, NULL, '已开', NULL, '未匹配', 'completed', 'finance_records_import', '2026-07-01 06:03:22', 'verified'),
(37, 'ZH02-202509025', '客户开票', 'outbound', NULL, '2025-10-14', 400000.0, 6.0, 22641.51, NULL, '已开', NULL, '未匹配', '', 'finance_records_import', '2026-07-01 06:03:22', 'verified'),
(38, 'ZH02-202509025', '客户开票', 'outbound', NULL, '2025-10-14', 353300.0, 6.0, 19998.11, NULL, '已开', NULL, '未匹配', '', 'finance_records_import', '2026-07-01 06:03:22', 'verified'),
(39, 'ZH02-202509025', '客户开票', 'outbound', NULL, '2026-02-27', 372465.0, 6.0, 21082.92, NULL, '已开', NULL, '未匹配', '', 'finance_records_import', '2026-07-01 06:03:22', 'verified'),
(40, 'ZH02-202509025', '客户回款', 'inbound', NULL, '2026-01-09', 753300.0, 6.0, 42639.62, NULL, '已回款', NULL, '未匹配', '', 'finance_records_import', '2026-07-01 06:03:22', 'verified'),
(41, 'ZH02-202512058', '客户开票', 'outbound', NULL, '2025-12-24', 357000.0, 6.0, 20207.55, NULL, '已开', NULL, '未匹配', 'completed', 'finance_records_import', '2026-07-01 06:03:22', 'verified'),
(42, 'ZH02-202512058', '客户回款', 'inbound', NULL, '2026-03-05', 249900.0, 6.0, 14145.28, NULL, '已回款', NULL, '未匹配', '', 'finance_records_import', '2026-07-01 06:03:22', 'verified'),
(43, 'ZH02-202512058', '客户回款', 'inbound', NULL, '2026-03-16', 96390.0, 6.0, 5456.04, NULL, '已回款', NULL, '未匹配', '', 'finance_records_import', '2026-07-01 06:03:22', 'verified'),
(44, 'ZH02-202512056', '客户开票', 'outbound', NULL, '2025-12-10', 170766.0, 6.0, 9666.0, NULL, '已开', NULL, '未匹配', 'completed', 'finance_records_import', '2026-07-01 06:03:22', 'verified'),
(45, 'ZH02-202512057', '客户开票', 'outbound', NULL, '2025-12-18', 26729.1, 6.0, 1512.97, NULL, '已开', NULL, '未匹配', 'completed', 'finance_records_import', '2026-07-01 06:03:22', 'verified'),
(46, 'ZH02-202512057', '客户开票', 'outbound', NULL, '2026-04-17', 110063.0, 6.0, 6229.98, NULL, '已开', NULL, '未匹配', 'completed', 'finance_records_import', '2026-07-01 06:03:22', 'verified'),
(47, 'ZH02-202512057', '客户回款', 'inbound', NULL, '2026-01-23', 26729.1, 6.0, 1512.97, NULL, '已回款', NULL, '未匹配', '', 'finance_records_import', '2026-07-01 06:03:22', 'verified'),
(48, 'ZH02-202512057', '客户回款', 'inbound', NULL, '2026-05-22', 110063.0, 6.0, 6229.98, NULL, '已回款', NULL, '未匹配', '', 'finance_records_import', '2026-07-01 06:03:22', 'verified'),
(49, 'ZH02-202512055', '客户开票', 'outbound', NULL, '2025-12-23', 72000.0, 6.0, 4075.47, NULL, '已开', NULL, '未匹配', 'completed', 'finance_records_import', '2026-07-01 06:03:22', 'verified'),
(50, 'ZH02-202601002', '客户开票', 'outbound', NULL, '2026-03-16', 63250.0, 6.0, 3580.19, NULL, '已开', NULL, '未匹配', '', 'finance_records_import', '2026-07-01 06:03:22', 'verified');
INSERT INTO `invoices` (`0`, `1`, `2`, `3`, `4`, `5`, `6`, `7`, `8`, `9`, `10`, `11`, `12`, `13`, `14`, `15`, `16`) VALUES
(51, 'ZH02-202601002', '客户开票', 'outbound', NULL, '2026-06-16', 63250.0, 6.0, 3580.19, NULL, '已开', NULL, '未匹配', '', 'finance_records_import', '2026-07-01 06:03:22', 'verified'),
(52, 'ZH02-202601002', '客户回款', 'inbound', NULL, '2026-04-15', 63250.0, 6.0, 3580.19, NULL, '已回款', NULL, '未匹配', '', 'finance_records_import', '2026-07-01 06:03:22', 'verified'),
(53, 'ZH02-202601005', '客户开票', 'outbound', NULL, '2026-03-16', 277875.0, 6.0, 15728.77, NULL, '已开', NULL, '未匹配', '', 'finance_records_import', '2026-07-01 06:03:22', 'verified'),
(54, 'ZH02-202601005', '客户开票', 'outbound', NULL, '2026-06-15', 193875.0, 6.0, 10974.06, NULL, '已开', NULL, '未匹配', '', 'finance_records_import', '2026-07-01 06:03:22', 'verified'),
(55, 'ZH02-202601005', '客户回款', 'inbound', NULL, '2026-04-08', 277875.0, 6.0, 15728.77, NULL, '已回款', NULL, '未匹配', '', 'finance_records_import', '2026-07-01 06:03:22', 'verified'),
(56, 'ZH02-202601012', '客户开票', 'outbound', NULL, '2026-03-16', 222750.0, 6.0, 12608.49, NULL, '已开', NULL, '未匹配', 'completed', 'finance_records_import', '2026-07-01 06:03:22', 'verified'),
(57, 'ZH02-202601001', '客户开票', 'outbound', NULL, '2026-06-03', 67500.0, 6.0, 3820.75, NULL, '已开', NULL, '未匹配', '', 'finance_records_import', '2026-07-01 06:03:22', 'verified'),
(58, 'ZH02-202601008', '客户开票', 'outbound', NULL, '2026-06-09', 286200.0, 6.0, 16200.0, NULL, '已开', NULL, '未匹配', '', 'finance_records_import', '2026-07-01 06:03:22', 'verified'),
(59, 'ZH02-202602014', '客户开票', 'outbound', NULL, '2026-03-12', 143100.0, 6.0, 8100.0, NULL, '已开', NULL, '未匹配', '', 'finance_records_import', '2026-07-01 06:03:22', 'verified'),
(60, 'ZH02-202601010', '客户开票', 'outbound', NULL, '2026-04-03', 114912.0, 6.0, 6504.45, NULL, '已开', NULL, '未匹配', '', 'finance_records_import', '2026-07-01 06:03:22', 'verified'),
(61, 'ZH02-202601010', '客户开票', 'outbound', NULL, '2026-05-06', 101852.25, 6.0, 5765.22, NULL, '已开', NULL, '未匹配', '', 'finance_records_import', '2026-07-01 06:03:22', 'verified'),
(62, 'ZH02-202601010', '客户开票', 'outbound', NULL, '2026-06-10', 85894.4, 6.0, 4861.95, NULL, '已开', NULL, '未匹配', '', 'finance_records_import', '2026-07-01 06:03:22', 'verified'),
(63, 'ZH02-202601010', '客户回款', 'inbound', NULL, '2026-04-21', 114912.0, 6.0, 6504.45, NULL, '已回款', NULL, '未匹配', '', 'finance_records_import', '2026-07-01 06:03:22', 'verified'),
(64, 'ZH02-202601010', '客户回款', 'inbound', NULL, '2026-05-15', 101852.25, 6.0, 5765.22, NULL, '已回款', NULL, '未匹配', '', 'finance_records_import', '2026-07-01 06:03:22', 'verified'),
(65, 'ZH02-202601011', '客户开票', 'outbound', NULL, '2026-04-03', 224564.9, 6.0, 12711.22, NULL, '已开', NULL, '未匹配', '', 'finance_records_import', '2026-07-01 06:03:22', 'verified'),
(66, 'ZH02-202601011', '客户开票', 'outbound', NULL, '2026-05-06', 303966.1, 6.0, 17205.63, NULL, '已开', NULL, '未匹配', '', 'finance_records_import', '2026-07-01 06:03:22', 'verified'),
(67, 'ZH02-202601011', '客户开票', 'outbound', NULL, '2026-06-10', 419994.65, 6.0, 23773.28, NULL, '已开', NULL, '未匹配', '', 'finance_records_import', '2026-07-01 06:03:22', 'verified'),
(68, 'ZH02-202601011', '客户回款', 'inbound', NULL, '2026-04-24', 224564.9, 6.0, 12711.22, NULL, '已回款', NULL, '未匹配', '', 'finance_records_import', '2026-07-01 06:03:22', 'verified'),
(69, 'ZH02-202601011', '客户回款', 'inbound', NULL, '2026-05-15', 303966.1, 6.0, 17205.63, NULL, '已回款', NULL, '未匹配', '', 'finance_records_import', '2026-07-01 06:03:22', 'verified'),
(70, 'ZH02-202604020', '客户开票', 'outbound', NULL, '2026-06-16', 150000.0, 6.0, 8490.57, NULL, '已开', NULL, '未匹配', '', 'finance_records_import', '2026-07-01 06:03:22', 'verified'),
(71, 'ZH02-202604018', '客户开票', 'outbound', NULL, '2026-06-15', 31076.5, 6.0, 1759.05, NULL, '已开', NULL, '未匹配', '', 'finance_records_import', '2026-07-01 06:03:22', 'verified');

-- ===== master_table (16 rows) =====
DROP TABLE IF EXISTS `master_table`;
CREATE TABLE `master_table` (
`id` INT   AUTO_INCREMENT,
  id INTEGER PRIMARY KEY AUTOINCREMENT,,
`项目编号` TEXT,
  项目编号 TEXT UNIQUE,,
`项目名称` TEXT NOT NULL,
  项目名称 TEXT NOT NULL,,
`含税金额` DECIMAL(15,4),
  含税金额 REAL,,
`不含税金额` DECIMAL(15,4),
  不含税金额 REAL,,
`税率` DECIMAL(15,4),
  税率 REAL,,
`税额` DECIMAL(15,4),
  税额 REAL,,
`财务编号` TEXT,
  财务编号 TEXT,,
`甲方` TEXT,
  甲方 TEXT,,
`乙方` TEXT,
  乙方 TEXT,,
`项目负责人` TEXT,
  项目负责人 TEXT,,
`签订日期` TEXT,
  签订日期 TEXT,,
`有效期限` TEXT,
  有效期限 TEXT,,
`项目类型` TEXT,
  项目类型 TEXT,,
`服务内容` TEXT,
  服务内容 TEXT,,
`服务期限` TEXT,
  服务期限 TEXT,,
`商务负责人` TEXT,
  商务负责人 TEXT,,
`当前状态` TEXT,
  当前状态 TEXT,,
`备注` TEXT,
  备注 TEXT,,
`created_at` DATETIME  DEFAULT CURRENT_TIMESTAMP,
  created_at TIMESTAMP DEFAULT CURRENT_TIMESTAMP,,
`updated_at` DATETIME  DEFAULT CURRENT_TIMESTAMP
) ENGINE=InnoDB DEFAULT CHARSET=utf8mb4 COLLATE=utf8mb4_unicode_ci;

-- master_table: 16 rows
INSERT INTO `master_table` (`0`, `1`, `2`, `3`, `4`, `5`, `6`, `7`, `8`, `9`, `10`, `11`, `12`, `13`, `14`, `15`, `16`, `17`, `18`, `19`, `20`) VALUES
(1, 'ZH02-202601011', '蜀能电科2026年研发辅助技术服务', 4965995.0, 4684900.94, 6.0, 281094.06, 'SGSCKRDKFZJS2600018', '四川蜀能电科能源技术有限公司', '北京振华永创智能科技有限公司', '未明确', NULL, NULL, NULL, NULL, NULL, NULL, NULL, NULL, '2026-06-30 08:48:50', '2026-06-30 08:48:50'),
(2, 'ZH02-202601008', '国网凉山供电公司2026年基于配网经济运行提升的降损管控分析技术服务', 561000.0, 529245.28, 6.0, 31754.72, 'SGSCLIO0FCJS2600049', '国网四川省电力公司凉山供电公司', '北京振华永创智能科技有限公司', '未明确', NULL, NULL, NULL, NULL, NULL, NULL, NULL, NULL, '2026-06-30 08:48:50', '2026-06-30 08:48:50'),
(3, '待补充', '电力隧道结构智能监测及安全预警技术研究与应用', 635000.0, NULL, NULL, NULL, NULL, '国网四川省电力公司成都供电公司', '北京振华永创智能科技有限公司', NULL, NULL, NULL, NULL, NULL, NULL, NULL, NULL, NULL, '2026-06-30 08:48:50', '2026-06-30 08:48:50'),
(4, 'SGSCCD', '基于生成式大语言模型的变电站保护定值及压板自动核对技术研究', 828000.0, 781132.08, 6.0, 46867.92, NULL, '国网四川省电力公司成都供电公司', '北京振华永创智能科技有限公司', NULL, NULL, NULL, NULL, NULL, NULL, NULL, NULL, NULL, '2026-06-30 08:48:50', '2026-06-30 08:48:50'),
(5, 'ZH02-202601005', '国网凉山供电公司2026年地震动态监测预警告警技术支持服务', 859500.0, 810849.06, 6.0, 48650.94, 'SGSCLI00AJJS2600041', '国网四川省电力公司凉山供电公司', '北京振华永创智能科技有限公司', '刘琼玲', NULL, NULL, NULL, NULL, NULL, NULL, NULL, NULL, '2026-06-30 08:48:50', '2026-06-30 08:48:50'),
(6, 'SGSCYAYJFDJS2600002', '国网雅安电力（集团）公司2026年花滩电站大坝内外部观测及维护技术服务', 135000.0, NULL, NULL, NULL, NULL, '国网四川雅安电力（集团）股份有限公司荥经县供电分公司', '北京振华永创智能科技有限公司', NULL, NULL, NULL, NULL, NULL, NULL, NULL, NULL, NULL, '2026-06-30 08:48:50', '2026-06-30 08:48:50'),
(7, 'ZH02-202601012', '国网凉山供电公司2026年电网图集绘制技 术服务', 222750.0, NULL, NULL, NULL, 'SGSCLIO0FCJS2600057', '国网四川省电力公司凉山供电公司_', '北京振华永创智能科技有限公司', NULL, NULL, NULL, NULL, NULL, NULL, NULL, NULL, NULL, '2026-06-30 08:48:50', '2026-06-30 08:48:50'),
(8, 'SGSCYA00GYJS2500409', '国网雅安供电公司2025年区域变电站预警能力提升咨询服务', 170766.0, 161100.0, 6.0, 9666.0, NULL, '国网四川省电力公司雅安供电公司', '北京振华永创智能科技有限公司', NULL, NULL, NULL, NULL, NULL, NULL, NULL, NULL, NULL, '2026-06-30 08:48:50', '2026-06-30 08:48:50'),
(9, 'ZH02-202604026', '面向配网班组不停电作业的第一视角视觉指导大模型及协同装备研制', 1084380.0, NULL, NULL, NULL, 'SGSCCDQBAJS2600154', '国网四川省电力公司成都市青白江供电分公司', '北京振华永创智能科技有限公司', '刘琼玲', NULL, NULL, NULL, NULL, NULL, NULL, NULL, NULL, '2026-06-30 08:48:50', '2026-06-30 08:48:50'),
(10, 'ZH02-202604028', '国网绵阳供电公司2026年地震预警设备运 维及信息服务', 217321.0, NULL, NULL, NULL, 'SGSCMY00AJJS2600342', '国网四川省电力公司绵阳供电公司', '北京振华永创智能科技有限公司', NULL, NULL, NULL, NULL, NULL, NULL, NULL, NULL, NULL, '2026-06-30 08:48:50', '2026-06-30 08:48:50'),
(11, 'ZH02-202601002', '国网宁南县供电公司安监部2026年应急监测预警技术服务', 253000.0, 238679.25, 6.0, 14320.75, 'SGSCLINNAJJS2600028', '国网四川宁南县供电有限责任公司', '北京振华永创智能科技有限公司', '未明确', NULL, NULL, NULL, NULL, NULL, NULL, NULL, NULL, '2026-06-30 08:48:50', '2026-06-30 08:48:50'),
(12, 'ZH02-202604029', '国网绵阳供电公司2026年保护区分布一张图绘制技术咨询服务', 445000.0, 419811.32, 6.0, 25188.68, 'SGSCMY00FCJS2600317', '国网四川省电力公司绵阳供电公司', '北京振华永创智能科技有限公司', '刘琼玲', NULL, NULL, NULL, NULL, NULL, NULL, NULL, NULL, '2026-06-30 08:48:50', '2026-06-30 08:48:50'),
(13, 'ZH02-202604020', '基于精细化气象要素及分布式光伏预测的地市电网供电能力提升研究', 771000.0, 727358.49, 6.0, 43641.51, 'SGSCLIOODDJS2600279', '国网四川省电力公司凉山供电公司', '北京振华永创智能科技有限公司', '刘琼玲', NULL, NULL, NULL, NULL, NULL, NULL, NULL, NULL, '2026-06-30 08:48:50', '2026-06-30 08:48:50'),
(14, 'ZH02-202601010', '蜀能高新分2026年研发辅助技术服务', 2207930.4, 2082953.21, 6.0, 124977.19, 'SGSCSDGXFZJS2600011', '四川蜀能电力有限公司高新分公司', '北京振华永创智能科技有限公司', '未明确', NULL, NULL, NULL, NULL, NULL, NULL, NULL, NULL, '2026-06-30 08:48:50', '2026-06-30 08:48:50'),
(15, 'SGSCAB00HLJS2600427', '基于视觉高斯三维建模的高海拔山地输配电线路走廊树障风险预判技术研究', 677340.0, 639000.0, 6.0, 38340.0, NULL, '国网四川省电力公司阿坝供电公司', '北京振华永创智能科技有限公司', NULL, NULL, NULL, NULL, NULL, NULL, NULL, NULL, NULL, '2026-06-30 08:48:50', '2026-06-30 08:48:50'),
(16, 'SGSCCD00XJS2600530', '基于无线电侦测和诱骗的变电站站域无人机风险防范关键技术研究', 635000.0, NULL, NULL, NULL, NULL, '国网四川省电力公司', '北京振华永创智能科技有限公司', '刘琼玲', NULL, NULL, NULL, NULL, NULL, NULL, NULL, NULL, '2026-06-30 08:48:50', '2026-06-30 08:48:50');

-- ===== payments (72 rows) =====
DROP TABLE IF EXISTS `payments`;
CREATE TABLE `payments` (
`payment_id` TEXT,
  payment_id TEXT PRIMARY KEY,,
`contract_id` TEXT,
  contract_id TEXT,,
`payment_stage` TEXT,
  payment_stage TEXT,,
`planned_amount` DECIMAL(15,4),
  planned_amount REAL,,
`actual_amount` DECIMAL(15,4)  DEFAULT 0,
  actual_amount REAL DEFAULT 0,,
`payment_condition` TEXT,
  payment_condition TEXT,,
`payment_type` TEXT,
  payment_type TEXT,,
`payment_date` TEXT,
  payment_date TEXT,,
`status` TEXT  DEFAULT 'pending',
  status TEXT DEFAULT 'pending',,
`created_at` DATETIME  DEFAULT CURRENT_TIMESTAMP,
  created_at TIMESTAMP DEFAULT CURRENT_TIMESTAMP,,
`FOREIGN` TEXT
) ENGINE=InnoDB DEFAULT CHARSET=utf8mb4 COLLATE=utf8mb4_unicode_ci;

-- payments: 72 rows
INSERT INTO `payments` (`0`, `1`, `2`, `3`, `4`, `5`, `6`, `7`, `8`, `9`) VALUES
('ZH02-202601011-付款1', 'ZH02-202601011', '第1阶段', 4965995.0, 0.0, '按实际工作量分期结算', '合同付款', NULL, 'pending', '2026-06-30 08:42:44'),
('ZH02-202601008-付款1', 'ZH02-202601008', '第1阶段', 561000.0, 0.0, '分期支付，每季度服务评价后结算', '合同付款', NULL, 'pending', '2026-06-30 08:42:44'),
('待补充-付款1', '待补充', '第1阶段', 0.0, 0.0, '完成第1阶段', '合同付款', NULL, 'pending', '2026-06-30 08:42:44'),
('待补充-付款2', '待补充', '第2阶段', 0.0, 0.0, '完成第2阶段', '合同付款', NULL, 'pending', '2026-06-30 08:42:44'),
('待补充-付款3', '待补充', '第3阶段', 0.0, 0.0, '完成第3阶段', '合同付款', NULL, 'pending', '2026-06-30 08:42:44'),
('待补充-付款4', '待补充', '第4阶段', 0.0, 0.0, '完成第4阶段', '合同付款', NULL, 'pending', '2026-06-30 08:42:44'),
('SGSCCD-付款1', 'SGSCCD', '第1阶段', 0.0, 0.0, '完成第1阶段约定内容（前期研究）', '合同付款', NULL, 'pending', '2026-06-30 08:42:44'),
('SGSCCD-付款2', 'SGSCCD', '第2阶段', 0.0, 0.0, '完成第2阶段约定内容（应用研究）', '合同付款', NULL, 'pending', '2026-06-30 08:42:44'),
('SGSCCD-付款3', 'SGSCCD', '第3阶段', 0.0, 0.0, '完成第3阶段约定内容（系统开发）', '合同付款', NULL, 'pending', '2026-06-30 08:42:44'),
('SGSCCD-付款4', 'SGSCCD', '第4阶段', 0.0, 0.0, '完成第4~5阶段约定内容（测试与验收）', '合同付款', NULL, 'pending', '2026-06-30 08:42:44'),
('ZH02-202601005-付款1', 'ZH02-202601005', '第1阶段', 859500.0, 0.0, '按实际结算工作量支付', '合同付款', NULL, 'pending', '2026-06-30 08:42:44'),
('SGSCYAYJFDJS2600002-付款1', 'SGSCYAYJFDJS2600002', '第1阶段', 67500.0, 0.0, '乙方按照甲方要求提交技术服务资料，甲方验收合格后，乙方开具等额有效的增值税专用发票', '合同付款', NULL, 'pending', '2026-06-30 08:42:44'),
('SGSCYAYJFDJS2600002-付款2', 'SGSCYAYJFDJS2600002', '第2阶段', 67500.0, 0.0, '乙方完成合同约定的全部技术服务内容，提供完整的技术服务资料、结算资料。甲方验收合格后，乙方开具等额有效的增值税专用发票', '合同付款', NULL, 'pending', '2026-06-30 08:42:44'),
('ZH02-202601012-付款1', 'ZH02-202601012', '第1阶段', 222750.0, 0.0, '', '合同付款', NULL, 'pending', '2026-06-30 08:42:44'),
('SGSCYA00GYJS2500409-付款1', 'SGSCYA00GYJS2500409', '第1阶段', 165643.0, 0.0, '提供真实完整准确规范的过程资料、结算资料、成果报告等，甲方收到后60日内支付', '合同付款', NULL, 'pending', '2026-06-30 08:42:44'),
('SGSCYA00GYJS2500409-付款2', 'SGSCYA00GYJS2500409', '第2阶段', 5123.0, 0.0, '质保期（一年）满后，提供质保金支付申请、质保证明并开具收据，甲方确认后60日内支付', '合同付款', NULL, 'pending', '2026-06-30 08:42:44'),
('ZH02-202604026-付款1', 'ZH02-202604026', '第1阶段', 300000.0, 240000.0, '乙方完成本合同条款5.1~5.2
约定内容，成果经甲方验收合格 且甲方收到乙方开具的等额增  值税专用发票后，由甲方进行挂 账并在60个工作日内支付人民  币(大写)叁拾万元整( ¥300000.
00元)。', '合同付款', NULL, 'completed', '2026-06-30 08:42:44'),
('ZH02-202604026-付款2', 'ZH02-202604026', '第2阶段', 400000.0, 160000.0, '乙方完成本合同条款5.3~5.4
约定内容，成果经甲方验收合格 且甲方收到乙方开具的等额增  值税专用发票后，由甲方进行挂 账并在60个工作日内支付人民  币(大写)肆拾万元整( ¥400000.
00元)。', '合同付款', NULL, 'completed', '2026-06-30 08:42:44'),
('ZH02-202604026-付款3', 'ZH02-202604026', '第3阶段', 274380.0, 0.0, '乙方完成本合同条款5.5~5.6
约定内容，成果经甲方验收合格
且甲方收到乙方开具的等额增
值税专用发票后，由甲方进行挂
账并在60个工作日内支付人民
币(大写)贰拾柒万肆仟叁佰捌 拾元整(¥274380.00元)。', '合同付款', NULL, 'pending', '2026-06-30 08:42:44'),
('ZH02-202604026-付款4', 'ZH02-202604026', '第4阶段', 110000.0, 0.0, '完成5.1-5.6全部考核目标任
务，成果经甲方验收合格且甲方
收到乙方开具的等额增值税专
用发票后，由甲方进行挂账。在
合同所属科技项目验收通过后，
甲方向乙方支付人民币(大写)
拾壹万元整(¥110000.00元)。', '合同付款', NULL, 'pending', '2026-06-30 08:42:44'),
('ZH02-202601004-付款1', 'ZH02-202601004', '第1阶段', 990.0, 0.0, '', '合同付款', NULL, 'pending', '2026-06-30 08:42:44'),
('ZH02-202604028-付款1', 'ZH02-202604028', '第1阶段', 217321.0, 0.0, '', '合同付款', NULL, 'pending', '2026-06-30 08:42:44'),
('ZH02-202601002-付款1', 'ZH02-202601002', '第1阶段', 253000.0, 0.0, '分期支付，按季度考评挂钩', '合同付款', NULL, 'pending', '2026-06-30 08:42:44'),
('ZH02-202604029-付款1', 'ZH02-202604029', '第1阶段', 445000.0, 0.0, '提供全套电子资料成果文件，3份纸质成果报告后一次性支付合同额100%', '合同付款', NULL, 'pending', '2026-06-30 08:42:44'),
('ZH02-202604020-付款1', 'ZH02-202604020', '第1阶段', 308600.0, 246880.0, '乙方完成本合同条款5.1-5.3约定内容，成果经甲方验收合格且甲方收到乙方开具的等额增值税专用发票后支付', '合同付款', NULL, 'completed', '2026-06-30 08:42:44'),
('ZH02-202604020-付款2', 'ZH02-202604020', '第2阶段', 462400.0, 184960.0, '乙方完成本合同条款5.4-5.6约定内容，成果经甲方验收合格且甲方收到乙方开具的等额增值税专用发票后支付', '合同付款', NULL, 'completed', '2026-06-30 08:42:44'),
('ZH02-202604018-付款1', 'ZH02-202604018', '第1阶段', 62153.0, 0.0, '', '合同付款', NULL, 'pending', '2026-06-30 08:42:44'),
('ZH02-202601010-付款1', 'ZH02-202601010', '第1阶段', 2207930.4, 0.0, '按实际工作量分期结算', '合同付款', NULL, 'pending', '2026-06-30 08:42:44'),
('SGSCAB00HLJS2600427-付款1', 'SGSCAB00HLJS2600427', '第1阶段', 0.0, 0.0, '完成第1阶段', '合同付款', NULL, 'pending', '2026-06-30 08:42:44'),
('SGSCAB00HLJS2600427-付款2', 'SGSCAB00HLJS2600427', '第2阶段', 0.0, 0.0, '完成第2阶段', '合同付款', NULL, 'pending', '2026-06-30 08:42:44'),
('SGSCAB00HLJS2600427-付款3', 'SGSCAB00HLJS2600427', '第3阶段', 0.0, 0.0, '完成第3阶段', '合同付款', NULL, 'pending', '2026-06-30 08:42:44'),
('SGSCAB00HLJS2600427-付款4', 'SGSCAB00HLJS2600427', '第4阶段', 0.0, 0.0, '完成第4~5阶段', '合同付款', NULL, 'pending', '2026-06-30 08:42:44'),
('SGSCCD00XJS2600530-付款1', 'SGSCCD00XJS2600530', '第1阶段', 0.0, 0.0, '完成本合同条款5.1~5.2约定内容（前期研究）', '合同付款', NULL, 'pending', '2026-06-30 08:42:44'),
('SGSCCD00XJS2600530-付款2', 'SGSCCD00XJS2600530', '第2阶段', 0.0, 0.0, '完成本合同条款5.3~5.4约定内容（中期考核）', '合同付款', NULL, 'pending', '2026-06-30 08:42:44'),
('SGSCCD00XJS2600530-付款3', 'SGSCCD00XJS2600530', '第3阶段', 0.0, 0.0, '完成本合同条款5.5~5.6约定内容（系统开发与示范）', '合同付款', NULL, 'pending', '2026-06-30 08:42:44'),
('SGSCCD00XJS2600530-付款4', 'SGSCCD00XJS2600530', '第4阶段', 0.0, 0.0, '完成本合同条款5.7约定内容（项目验收）', '合同付款', NULL, 'pending', '2026-06-30 08:42:44'),
('ZH02-202604021-P3', 'ZH02-202604021', '2027年第3笔', 0.0, 0.0, '2027年第3笔', NULL, NULL, 'pending', '2026-07-01 05:26:12'),
('SGSCYAYJFDJS2600002-P第一期', 'SGSCYAYJFDJS2600002', '乙方按照甲方要求提交技术服务资料，甲方验收合格后，乙方开具等额有效的增值税专用发票', 6.75, 0.0, '乙方按照甲方要求提交技术服务资料，甲方验收合格后，乙方开具等额有效的增值税专用发票', NULL, NULL, 'pending', '2026-07-01 05:26:12'),
('SGSCYAYJFDJS2600002-P第二期', 'SGSCYAYJFDJS2600002', '乙方完成合同约定的全部技术服务内容，提供完整的技术服务资料、结算资料。甲方验收合格后，乙方开具等额有', 6.75, 0.0, '乙方完成合同约定的全部技术服务内容，提供完整的技术服务资料、结算资料。甲方验收合格后，乙方开具等额有效的增值税专用发票', NULL, NULL, 'pending', '2026-07-01 05:26:12'),
('SGSCYA00GYJS2500409-P竣工结算', 'SGSCYA00GYJS2500409', '提供真实完整准确规范的过程资料、结算资料、成果报告等，甲方收到后60日内支付', 16.5643, 0.0, '提供真实完整准确规范的过程资料、结算资料、成果报告等，甲方收到后60日内支付', NULL, NULL, 'pending', '2026-07-01 05:26:12'),
('SGSCYA00GYJS2500409-P质保期满', 'SGSCYA00GYJS2500409', '质保期（一年）满后，提供质保金支付申请、质保证明并开具收据，甲方确认后60日内支付', 0.5123, 0.0, '质保期（一年）满后，提供质保金支付申请、质保证明并开具收据，甲方确认后60日内支付', NULL, NULL, 'pending', '2026-07-01 05:26:12'),
('SGSCCD00XJS2600530-P1', 'SGSCCD00XJS2600530', '完成本合同条款5.1~5.2约定内容（前期研究）', 19.05, 15.240000000000002, '完成本合同条款5.1~5.2约定内容（前期研究）', NULL, NULL, 'completed', '2026-07-01 05:26:38'),
('SGSCCD00XJS2600530-P2', 'SGSCCD00XJS2600530', '完成本合同条款5.3~5.4约定内容（中期考核）', 19.05, 7.620000000000001, '完成本合同条款5.3~5.4约定内容（中期考核）', NULL, NULL, 'completed', '2026-07-01 05:26:38'),
('SGSCCD00XJS2600530-P3', 'SGSCCD00XJS2600530', '完成本合同条款5.5~5.6约定内容（系统开发与示范）', 19.05, 0.0, '完成本合同条款5.5~5.6约定内容（系统开发与示范）', NULL, NULL, 'pending', '2026-07-01 05:26:38'),
('SGSCCD00XJS2600530-P4', 'SGSCCD00XJS2600530', '完成本合同条款5.7约定内容（项目验收）', 6.35, 0.0, '完成本合同条款5.7约定内容（项目验收）', NULL, NULL, 'pending', '2026-07-01 05:26:38'),
('SGSCAB00HLJS2600427-P1', 'SGSCAB00HLJS2600427', '完成第1阶段', 16.9335, 13.5468, '完成第1阶段', NULL, NULL, 'completed', '2026-07-01 05:26:38'),
('SGSCAB00HLJS2600427-P2', 'SGSCAB00HLJS2600427', '完成第2阶段', 16.9335, 6.7734, '完成第2阶段', NULL, NULL, 'completed', '2026-07-01 05:26:38'),
('SGSCAB00HLJS2600427-P3', 'SGSCAB00HLJS2600427', '完成第3阶段', 16.9335, 0.0, '完成第3阶段', NULL, NULL, 'pending', '2026-07-01 05:26:38'),
('SGSCAB00HLJS2600427-P4', 'SGSCAB00HLJS2600427', '完成第4~5阶段', 16.9335, 0.0, '完成第4~5阶段', NULL, NULL, 'pending', '2026-07-01 05:26:38'),
('待补充-P1', '待补充', '完成第1阶段', 19.05, 0.0, '完成第1阶段', NULL, NULL, 'pending', '2026-07-01 05:26:38');
INSERT INTO `payments` (`0`, `1`, `2`, `3`, `4`, `5`, `6`, `7`, `8`, `9`) VALUES
('待补充-P2', '待补充', '完成第2阶段', 19.05, 0.0, '完成第2阶段', NULL, NULL, 'pending', '2026-07-01 05:26:38'),
('待补充-P3', '待补充', '完成第3阶段', 19.05, 0.0, '完成第3阶段', NULL, NULL, 'pending', '2026-07-01 05:26:38'),
('待补充-P4', '待补充', '完成第4阶段', 6.35, 0.0, '完成第4阶段', NULL, NULL, 'pending', '2026-07-01 05:26:38'),
('SGSCCD-P1', 'SGSCCD', '完成第1阶段约定内容（前期研究）', 20.7, 16.56, '完成第1阶段约定内容（前期研究）', NULL, NULL, 'completed', '2026-07-01 05:26:38'),
('SGSCCD-P2', 'SGSCCD', '完成第2阶段约定内容（应用研究）', 20.7, 8.28, '完成第2阶段约定内容（应用研究）', NULL, NULL, 'completed', '2026-07-01 05:26:38'),
('SGSCCD-P3', 'SGSCCD', '完成第3阶段约定内容（系统开发）', 20.7, 0.0, '完成第3阶段约定内容（系统开发）', NULL, NULL, 'pending', '2026-07-01 05:26:38'),
('SGSCCD-P4', 'SGSCCD', '完成第4~5阶段约定内容（测试与验收）', 20.7, 0.0, '完成第4~5阶段约定内容（测试与验收）', NULL, NULL, 'pending', '2026-07-01 05:26:38'),
('ZH02-202604021-P1', 'ZH02-202604021', '2027年第3笔', 0.0, 0.0, '2027年第3笔', NULL, NULL, 'pending', '2026-07-03 01:10:59'),
('ZH02-202601001-P1', 'ZH02-202601001', '乙方按照甲方要求提交技术服务资料，甲方验收合格后，乙方开具等额有效的增值税专用发票', 6.75, 0.0, '乙方按照甲方要求提交技术服务资料，甲方验收合格后，乙方开具等额有效的增值税专用发票', NULL, NULL, 'pending', '2026-07-03 01:10:59'),
('ZH02-202601001-P2', 'ZH02-202601001', '乙方完成合同约定的全部技术服务内容，提供完整的技术服务资料、结算资料。甲方验收合格后，乙方开具等额有', 6.75, 0.0, '乙方完成合同约定的全部技术服务内容，提供完整的技术服务资料、结算资料。甲方验收合格后，乙方开具等额有效的增值税专用发票', NULL, NULL, 'pending', '2026-07-03 01:10:59'),
('ZH02-202512056-P1', 'ZH02-202512056', '提供真实完整准确规范的过程资料、结算资料、成果报告等，甲方收到后60日内支付', 16.5643, 0.0, '提供真实完整准确规范的过程资料、结算资料、成果报告等，甲方收到后60日内支付', NULL, NULL, 'pending', '2026-07-03 01:10:59'),
('ZH02-202512056-P2', 'ZH02-202512056', '质保期（一年）满后，提供质保金支付申请、质保证明并开具收据，甲方确认后60日内支付', 0.5123, 0.0, '质保期（一年）满后，提供质保金支付申请、质保证明并开具收据，甲方确认后60日内支付', NULL, NULL, 'pending', '2026-07-03 01:10:59'),
('ZH02-202604024-P1', 'ZH02-202604024', '完成本合同条款5.1~5.2约定内容（前期研究）', 19.05, 0.0, '完成本合同条款5.1~5.2约定内容（前期研究）', NULL, NULL, 'pending', '2026-07-03 01:10:59'),
('ZH02-202604024-P2', 'ZH02-202604024', '完成本合同条款5.3~5.4约定内容（中期考核）', 19.05, 0.0, '完成本合同条款5.3~5.4约定内容（中期考核）', NULL, NULL, 'pending', '2026-07-03 01:10:59'),
('ZH02-202604024-P3', 'ZH02-202604024', '完成本合同条款5.5~5.6约定内容（系统开发与示范）', 19.05, 0.0, '完成本合同条款5.5~5.6约定内容（系统开发与示范）', NULL, NULL, 'pending', '2026-07-03 01:10:59'),
('ZH02-202604024-P4', 'ZH02-202604024', '完成本合同条款5.7约定内容（项目验收）', 6.35, 0.0, '完成本合同条款5.7约定内容（项目验收）', NULL, NULL, 'pending', '2026-07-03 01:10:59'),
('ZH02-202604021-P2', 'ZH02-202604021', '完成第2阶段', 16.9335, 0.0, '完成第2阶段', NULL, NULL, 'pending', '2026-07-03 01:10:59'),
('ZH02-202604021-P4', 'ZH02-202604021', '完成第4~5阶段', 16.9335, 0.0, '完成第4~5阶段', NULL, NULL, 'pending', '2026-07-03 01:10:59'),
('ZH02-202604025-P1', 'ZH02-202604025', '完成第1阶段约定内容（前期研究）', 20.7, 0.0, '完成第1阶段约定内容（前期研究）', NULL, NULL, 'pending', '2026-07-03 01:10:59'),
('ZH02-202604025-P2', 'ZH02-202604025', '完成第2阶段约定内容（应用研究）', 20.7, 0.0, '完成第2阶段约定内容（应用研究）', NULL, NULL, 'pending', '2026-07-03 01:10:59'),
('ZH02-202604025-P3', 'ZH02-202604025', '完成第3阶段约定内容（系统开发）', 20.7, 0.0, '完成第3阶段约定内容（系统开发）', NULL, NULL, 'pending', '2026-07-03 01:10:59'),
('ZH02-202604025-P4', 'ZH02-202604025', '完成第4~5阶段约定内容（测试与验收）', 20.7, 0.0, '完成第4~5阶段约定内容（测试与验收）', NULL, NULL, 'pending', '2026-07-03 01:10:59');

-- ===== project_status (40 rows) =====
DROP TABLE IF EXISTS `project_status`;
CREATE TABLE `project_status` (
`contract_id` TEXT,
  contract_id TEXT PRIMARY KEY,,
`overall_progress` DECIMAL(15,4)  DEFAULT 0,
  overall_progress REAL DEFAULT 0,,
`payment_progress` DECIMAL(15,4)  DEFAULT 0,
  payment_progress REAL DEFAULT 0,,
`deliverable_progress` DECIMAL(15,4)  DEFAULT 0,
  deliverable_progress REAL DEFAULT 0,,
`stage_progress` DECIMAL(15,4)  DEFAULT 0,
  stage_progress REAL DEFAULT 0,,
`status` TEXT  DEFAULT 'active',
  status TEXT DEFAULT 'active',,
`risk_level` TEXT  DEFAULT 'low',
  risk_level TEXT DEFAULT 'low',,
`last_updated` DATETIME  DEFAULT CURRENT_TIMESTAMP,
  last_updated TIMESTAMP DEFAULT CURRENT_TIMESTAMP,,
`FOREIGN` TEXT
) ENGINE=InnoDB DEFAULT CHARSET=utf8mb4 COLLATE=utf8mb4_unicode_ci;

-- project_status: 40 rows
INSERT INTO `project_status` (`0`, `1`, `2`, `3`, `4`, `5`, `6`, `7`) VALUES
('SGSCAB00HLJS2600427', 20.8, 30.000000000000004, 12.5, 20.0, 'active', 'medium', '2026-07-01 07:25:03'),
('SGSCCD', 20.0, 29.999999999999996, 10.0, 20.0, 'active', 'medium', '2026-07-01 07:25:03'),
('SGSCCD00CYJS240162', NULL, 0.0, 0.0, 0.0, 'active', 'high', '2026-07-01 07:25:03'),
('SGSCCD00XJS2600530', 18.8, 36.00000000000001, 6.25, 14.285714285714286, 'active', 'medium', '2026-07-01 07:25:03'),
('SGSCCD00XMJS250076', NULL, 0.0, 0.0, 0.0, 'active', 'high', '2026-07-01 07:25:03'),
('SGSCCD0OJYJS240131', NULL, 0.0, 0.0, 0.0, 'active', 'high', '2026-07-01 07:25:03'),
('SGSCDK00XTJS250033', NULL, 0.0, 0.0, 0.0, 'active', 'high', '2026-07-01 07:25:03'),
('SGSCDKOOSDJS250028', 0.0, 0.0, 0.0, 0.0, 'active', 'high', '2026-07-01 07:25:03'),
('SGSCDY00SQJS250103', NULL, 0.0, 0.0, 0.0, 'active', 'high', '2026-07-01 07:25:03'),
('SGSCGRDNSCJS250103', NULL, 0.0, 0.0, 0.0, 'active', 'high', '2026-07-01 07:25:03'),
('SGSCGYJGBGJS250059', NULL, 0.0, 0.0, 0.0, 'active', 'high', '2026-07-01 07:25:03'),
('SGSCLSOOSDJS250072', NULL, 0.0, 0.0, 0.0, 'active', 'high', '2026-07-01 07:25:03'),
('SGSCLZ00DDJS260028', NULL, 0.0, 0.0, 0.0, 'active', 'high', '2026-07-01 07:25:03'),
('SGSCMSDPJHJS250035', NULL, 0.0, 0.0, 0.0, 'active', 'high', '2026-07-01 07:25:03'),
('SGSCYA00GYJS2500409', 0.0, 0.0, 0.0, 0.0, 'active', 'high', '2026-07-01 07:25:03'),
('SGSCYAYJFDJS2600002', 0.0, 0.0, 0.0, 0.0, 'active', 'high', '2026-07-01 07:25:03'),
('SGSCZYAYYJJS250019', NULL, 0.0, 0.0, 0.0, 'active', 'high', '2026-07-01 07:25:03'),
('ZH02-202408007', NULL, 0.0, 0.0, 0.0, 'active', 'high', '2026-07-01 07:25:03'),
('ZH02-202508019', NULL, 0.0, 0.0, 0.0, 'active', 'high', '2026-07-01 07:25:03'),
('ZH02-202512056', NULL, 0.0, 0.0, 0.0, 'active', 'high', '2026-07-01 07:25:03'),
('ZH02-202512057', NULL, 0.0, 0.0, 0.0, 'active', 'high', '2026-07-01 07:25:03'),
('ZH02-202512058', NULL, 0.0, 0.0, 0.0, 'active', 'high', '2026-07-01 07:25:03'),
('ZH02-202601001', NULL, 0.0, 0.0, 0.0, 'active', 'high', '2026-07-01 07:25:03'),
('ZH02-202601002', 0.0, 0.0, 0.0, 0.0, 'active', 'high', '2026-07-01 07:25:03'),
('ZH02-202601004', 0.0, 0.0, 0.0, 0.0, 'active', 'high', '2026-07-01 07:25:03'),
('ZH02-202601005', 0.0, 0.0, 0.0, 0.0, 'active', 'high', '2026-07-01 07:25:03'),
('ZH02-202601008', 0.0, 0.0, 0.0, 0.0, 'active', 'high', '2026-07-01 07:25:03'),
('ZH02-202601010', 0.0, 0.0, 0.0, 0.0, 'active', 'high', '2026-07-01 07:25:03'),
('ZH02-202601011', 0.0, 0.0, 0.0, 0.0, 'active', 'high', '2026-07-01 07:25:03'),
('ZH02-202601012', 0.0, 0.0, 0.0, 0.0, 'active', 'high', '2026-07-01 07:25:03'),
('ZH02-202602014', NULL, 0.0, 0.0, 0.0, 'active', 'high', '2026-07-01 07:25:03'),
('ZH02-202604018', 0.0, 0.0, 0.0, 0.0, 'active', 'high', '2026-07-01 07:25:03'),
('ZH02-202604020', 38.1, 56.01037613488975, 25.0, 33.333333333333336, 'active', 'medium', '2026-07-01 07:25:03'),
('ZH02-202604021', NULL, 0.0, 0.0, 0.0, 'active', 'high', '2026-07-01 07:25:03'),
('ZH02-202604023', NULL, 0.0, 0.0, 0.0, 'active', 'high', '2026-07-01 07:25:03'),
('ZH02-202604024', 0.0, 0.0, 0.0, 0.0, 'active', 'high', '2026-07-01 07:25:03'),
('ZH02-202604025', NULL, 0.0, 0.0, 0.0, 'active', 'high', '2026-07-01 07:25:03'),
('ZH02-202604026', 31.7, 36.88743798299489, 25.0, 33.333333333333336, 'active', 'medium', '2026-07-01 07:25:03'),
('ZH02-202604028', 0.0, 0.0, 0.0, 0.0, 'active', 'high', '2026-07-01 07:25:03'),
('ZH02-202604029', 0.0, 0.0, 0.0, 0.0, 'active', 'high', '2026-07-01 07:25:03');

-- ===== stage_payment_link (38 rows) =====
DROP TABLE IF EXISTS `stage_payment_link`;
CREATE TABLE `stage_payment_link` (
`id` INT   AUTO_INCREMENT,
  id INTEGER PRIMARY KEY AUTOINCREMENT,,
`project_id` TEXT NOT NULL,
  project_id TEXT NOT NULL,,
`stage_id` TEXT NOT NULL,
  stage_id TEXT NOT NULL,,
`payment_id` TEXT NOT NULL,
  payment_id TEXT NOT NULL,,
`link_type` TEXT  DEFAULT 'inferred',
  link_type TEXT DEFAULT 'inferred',,
`confidence` TEXT  DEFAULT 'medium',
  confidence TEXT DEFAULT 'medium',,
`notes` TEXT,
  notes TEXT,,
`created_at` DATETIME  DEFAULT CURRENT_TIMESTAMP,
  created_at TIMESTAMP DEFAULT CURRENT_TIMESTAMP,,
`FOREIGN` TEXT,
  FOREIGN KEY (stage_id) REFERENCES stages(stage_id),,
`FOREIGN` TEXT
) ENGINE=InnoDB DEFAULT CHARSET=utf8mb4 COLLATE=utf8mb4_unicode_ci;

-- stage_payment_link: 38 rows
INSERT INTO `stage_payment_link` (`0`, `1`, `2`, `3`, `4`, `5`, `6`, `7`) VALUES
(1, 'SGSCAB00HLJS2600427', 'SGSCAB00HLJS2600427-阶段2', 'SGSCAB00HLJS2600427-P2', 'direct', 'high', 'stage_2_to_payment_2', '2026-07-01 07:12:16'),
(2, 'SGSCAB00HLJS2600427', 'SGSCAB00HLJS2600427-阶段2', 'SGSCAB00HLJS2600427-付款2', 'direct', 'high', 'stage_2_to_payment_6', '2026-07-01 07:12:16'),
(3, 'SGSCAB00HLJS2600427', 'SGSCAB00HLJS2600427-阶段3', 'SGSCAB00HLJS2600427-P3', 'direct', 'high', 'stage_3_to_payment_3', '2026-07-01 07:12:16'),
(4, 'SGSCAB00HLJS2600427', 'SGSCAB00HLJS2600427-阶段3', 'SGSCAB00HLJS2600427-付款3', 'direct', 'high', 'stage_3_to_payment_7', '2026-07-01 07:12:16'),
(5, 'SGSCAB00HLJS2600427', 'SGSCAB00HLJS2600427-阶段4', 'SGSCAB00HLJS2600427-P4', 'direct', 'high', 'stage_4_to_payment_4', '2026-07-01 07:12:16'),
(6, 'SGSCAB00HLJS2600427', 'SGSCAB00HLJS2600427-阶段4', 'SGSCAB00HLJS2600427-付款4', 'direct', 'high', 'stage_4_to_payment_8', '2026-07-01 07:12:16'),
(7, 'SGSCAB00HLJS2600427', 'SGSCAB00HLJS2600427-阶段1', 'SGSCAB00HLJS2600427-P1', 'sequential', 'medium', 'positional_link_1', '2026-07-01 07:12:16'),
(8, 'SGSCAB00HLJS2600427', 'SGSCAB00HLJS2600427-阶段3', 'SGSCAB00HLJS2600427-付款1', 'sequential', 'medium', 'positional_link_5', '2026-07-01 07:12:16'),
(9, 'SGSCCD', 'SGSCCD-阶段2', 'SGSCCD-P2', 'direct', 'high', 'stage_2_to_payment_2', '2026-07-01 07:12:16'),
(10, 'SGSCCD', 'SGSCCD-阶段2', 'SGSCCD-付款2', 'direct', 'high', 'stage_2_to_payment_6', '2026-07-01 07:12:16'),
(11, 'SGSCCD', 'SGSCCD-阶段3', 'SGSCCD-P3', 'direct', 'high', 'stage_3_to_payment_3', '2026-07-01 07:12:16'),
(12, 'SGSCCD', 'SGSCCD-阶段3', 'SGSCCD-付款3', 'direct', 'high', 'stage_3_to_payment_7', '2026-07-01 07:12:16'),
(13, 'SGSCCD', 'SGSCCD-阶段4', 'SGSCCD-P4', 'direct', 'high', 'stage_4_to_payment_4', '2026-07-01 07:12:16'),
(14, 'SGSCCD', 'SGSCCD-阶段4', 'SGSCCD-付款4', 'direct', 'high', 'stage_4_to_payment_8', '2026-07-01 07:12:16'),
(15, 'SGSCCD', 'SGSCCD-阶段1', 'SGSCCD-P1', 'sequential', 'medium', 'positional_link_1', '2026-07-01 07:12:16'),
(16, 'SGSCCD', 'SGSCCD-阶段3', 'SGSCCD-付款1', 'sequential', 'medium', 'positional_link_5', '2026-07-01 07:12:16'),
(17, 'SGSCCD00XJS2600530', 'SGSCCD00XJS2600530-阶段2', 'SGSCCD00XJS2600530-P1', 'direct', 'high', 'stage_2_to_payment_1', '2026-07-01 07:12:16'),
(18, 'SGSCCD00XJS2600530', 'SGSCCD00XJS2600530-阶段2', 'SGSCCD00XJS2600530-付款1', 'direct', 'high', 'stage_2_to_payment_5', '2026-07-01 07:12:16'),
(19, 'SGSCCD00XJS2600530', 'SGSCCD00XJS2600530-阶段3', 'SGSCCD00XJS2600530-P2', 'direct', 'high', 'stage_3_to_payment_2', '2026-07-01 07:12:16'),
(20, 'SGSCCD00XJS2600530', 'SGSCCD00XJS2600530-阶段3', 'SGSCCD00XJS2600530-付款2', 'direct', 'high', 'stage_3_to_payment_6', '2026-07-01 07:12:16'),
(21, 'SGSCCD00XJS2600530', 'SGSCCD00XJS2600530-阶段5', 'SGSCCD00XJS2600530-P3', 'direct', 'high', 'stage_5_to_payment_3', '2026-07-01 07:12:16'),
(22, 'SGSCCD00XJS2600530', 'SGSCCD00XJS2600530-阶段5', 'SGSCCD00XJS2600530-P4', 'direct', 'high', 'stage_5_to_payment_4', '2026-07-01 07:12:16'),
(23, 'SGSCCD00XJS2600530', 'SGSCCD00XJS2600530-阶段5', 'SGSCCD00XJS2600530-付款3', 'direct', 'high', 'stage_5_to_payment_7', '2026-07-01 07:12:16'),
(24, 'SGSCCD00XJS2600530', 'SGSCCD00XJS2600530-阶段5', 'SGSCCD00XJS2600530-付款4', 'direct', 'high', 'stage_5_to_payment_8', '2026-07-01 07:12:16'),
(25, 'ZH02-202604020', 'ZH02-202604020-阶段3', 'ZH02-202604020-付款1', 'direct', 'high', 'stage_3_to_payment_1', '2026-07-01 07:12:16'),
(26, 'ZH02-202604020', 'ZH02-202604020-阶段4', 'ZH02-202604020-付款2', 'direct', 'high', 'stage_4_to_payment_2', '2026-07-01 07:12:16'),
(27, 'ZH02-202604026', 'ZH02-202604026-阶段2', 'ZH02-202604026-付款1', 'direct', 'high', 'stage_2_to_payment_1', '2026-07-01 07:12:16'),
(28, 'ZH02-202604026', 'ZH02-202604026-阶段2', 'ZH02-202604026-付款3', 'direct', 'high', 'stage_2_to_payment_3', '2026-07-01 07:12:16'),
(29, 'ZH02-202604026', 'ZH02-202604026-阶段3', 'ZH02-202604026-付款2', 'direct', 'high', 'stage_3_to_payment_2', '2026-07-01 07:12:16'),
(30, 'ZH02-202604026', 'ZH02-202604026-阶段5', 'ZH02-202604026-付款4', 'direct', 'high', 'stage_5_to_payment_4', '2026-07-01 07:12:16'),
(31, '待补充', '待补充-阶段1', '待补充-P1', 'sequential', 'medium', 'stage_1_to_payment_1', '2026-07-01 07:12:16'),
(32, '待补充', '待补充-S1', '待补充-P2', 'sequential', 'medium', 'stage_1_to_payment_2', '2026-07-01 07:12:16'),
(33, '待补充', '待补充-阶段2', '待补充-P3', 'sequential', 'medium', 'stage_2_to_payment_3', '2026-07-01 07:12:16'),
(34, '待补充', '待补充-阶段2', '待补充-付款2', 'direct', 'high', 'stage_2_to_payment_6', '2026-07-01 07:12:16'),
(35, '待补充', '待补充-S2', '待补充-P4', 'sequential', 'medium', 'stage_2_to_payment_4', '2026-07-01 07:12:16'),
(36, '待补充', '待补充-阶段3', '待补充-付款1', 'sequential', 'medium', 'stage_3_to_payment_5', '2026-07-01 07:12:16'),
(37, '待补充', '待补充-阶段3', '待补充-付款3', 'direct', 'high', 'stage_3_to_payment_7', '2026-07-01 07:12:16'),
(38, '待补充', '待补充-阶段4', '待补充-付款4', 'direct', 'high', 'stage_4_to_payment_8', '2026-07-01 07:12:16');

-- ===== stages (83 rows) =====
DROP TABLE IF EXISTS `stages`;
CREATE TABLE `stages` (
`stage_id` TEXT,
  stage_id TEXT PRIMARY KEY,,
`contract_id` TEXT,
  contract_id TEXT,,
`stage_name` TEXT,
  stage_name TEXT,,
`stage_number` INT,
  stage_number INTEGER,,
`stage_type` TEXT,
  stage_type TEXT,,
`start_time` TEXT,
  start_time TEXT,,
`end_time` TEXT,
  end_time TEXT,,
`acceptance_criteria` TEXT,
  acceptance_criteria TEXT,,
`remarks` TEXT,
  remarks TEXT,,
`status` TEXT  DEFAULT 'pending',
  status TEXT DEFAULT 'pending',,
`created_at` DATETIME  DEFAULT CURRENT_TIMESTAMP,
  created_at TIMESTAMP DEFAULT CURRENT_TIMESTAMP,,
`FOREIGN` TEXT
) ENGINE=InnoDB DEFAULT CHARSET=utf8mb4 COLLATE=utf8mb4_unicode_ci;

-- stages: 83 rows
INSERT INTO `stages` (`0`, `1`, `2`, `3`, `4`, `5`, `6`, `7`, `8`, `9`, `10`) VALUES
('待补充-阶段1', '待补充', '研究阶段1', 1, '科研研究阶段', '2026-05 至 2026-10', '', '[''完成建模方法研究'', ''提交研究报告'']', '隧道结构三维建模技术研究', 'pending', '2026-06-30 08:42:44'),
('待补充-阶段2', '待补充', '研究阶段2', 2, '科研研究阶段', '2026-11 至 2027-04', '', '[''完成平台开发'', ''申请发明专利1项'']', '智能监测平台开发', 'pending', '2026-06-30 08:42:44'),
('待补充-阶段3', '待补充', '研究阶段3', 3, '科研研究阶段', '2027-05 至 2027-10', '', '[''完成试点部署'', ''发表论文1篇'']', '现场试点与优化', 'pending', '2026-06-30 08:42:44'),
('待补充-阶段4', '待补充', '研究阶段4', 4, '科研研究阶段', '2027-11 至 2028-04', '', '[''提交验收材料'', ''完成验收'']', '项目验收', 'pending', '2026-06-30 08:42:44'),
('SGSCCD-阶段1', 'SGSCCD', '研究阶段1', 1, '科研研究阶段', '2026-05 至 2026-08', '', '[''完成研究内容收资、调研'', ''提交研究实施方案'']', '研究内容收资、调研，确定研究技术路线', 'completed', '2026-06-30 08:42:44'),
('SGSCCD-阶段2', 'SGSCCD', '研究阶段2', 2, '科研研究阶段', '2026-09 至 2026-12', '', '[''完成大语言模型应用方法研究'', ''提交研究报告1份'']', '大语言模型在保护定值核对中的应用研究', 'pending', '2026-06-30 08:42:44'),
('SGSCCD-阶段3', 'SGSCCD', '研究阶段3', 3, '科研研究阶段', '2027-01 至 2027-04', '', '[''完成系统开发'', ''申请发明专利1项'']', '保护定值及压板自动核对系统开发', 'pending', '2026-06-30 08:42:44'),
('SGSCCD-阶段4', 'SGSCCD', '研究阶段4', 4, '科研研究阶段', '2027-05 至 2027-08', '', '[''完成系统测试'', ''发表论文1篇'', ''建成示范站点'']', '系统测试与示范应用', 'pending', '2026-06-30 08:42:44'),
('SGSCCD-阶段5', 'SGSCCD', '研究阶段5', 5, '科研研究阶段', '2027-09 至 2027-10', '', '[''提交技术报告'', ''完成项目验收'']', '项目总结与验收', 'pending', '2026-06-30 08:42:44'),
('ZH02-202604026-阶段1', 'ZH02-202604026', '研究阶段5.1', 1, '科研研究阶段', '', '', '', '(1)完成项目启动，明确各单位分工、责任划分及时间进度； 开展现场调研与收资工作，提出项目实施总体方案及详细计划。 (2)完成技术需求分析。', 'completed', '2026-06-30 08:42:44'),
('ZH02-202604026-阶段2', 'ZH02-202604026', '研究阶段5.2', 2, '科研研究阶段', '2026年7月1日—2026年8月31日', '', '', '(1)研究配网不停电作业第一视角操作行为特征标识库，优化 监控系统布点方案并开发视频分析技术； (2)初步完成数据收集。', 'completed', '2026-06-30 08:42:44'),
('ZH02-202604026-阶段3', 'ZH02-202604026', '研究阶段5.3', 3, '科研研究阶段', '2026年9月1日—2026年11月30日', '', '', '(1)研发第一视角目标检测算法，构建复杂环境下关键工序的 标准化操作特征检测模型，并发表相关论文及申请专利。', 'pending', '2026-06-30 08:42:44'),
('ZH02-202604026-阶段4', 'ZH02-202604026', '研究阶段5.4', 4, '科研研究阶段', '2026年12月1日—2027年3月31日', '', '', '(1)完成面向任务序列的操作行为理解技术研究，开发典型时 序行为识别模块。', 'pending', '2026-06-30 08:42:44'),
('ZH02-202604026-阶段5', 'ZH02-202604026', '研究阶段5.5', 5, '科研研究阶段', '2027年4月1日—2027年8月31日', '', '', '(1)构建轻量化多模态大模型推理引擎；研制配网不停电作业 可穿戴机器视觉指导协同装备样机。', 'pending', '2026-06-30 08:42:44'),
('ZH02-202604026-阶段6', 'ZH02-202604026', '研究阶段5.6', 6, '科研研究阶段', '2027年9月1日—2027年10月31日', '', '', '(1)完成项目总结与鉴定验收。部署协同装备样机；提交最终 技术报告，完成专利申请及核心期刊论文发表。', 'pending', '2026-06-30 08:42:44'),
('ZH02-202604020-阶段1', 'ZH02-202604020', '研究阶段5.1', 1, '科研研究阶段', '合同签订之日 — 2026年6月30日', '', '1.完成凉山地区光伏与气象现状调研报告、文献综述，确 定研究技术路线，完成团队分工。 2.形成凉山地区气象监测薄弱点初步识别报告，完成核心 气象要素筛选及数据标准化规范。', '1.梳理凉山地区地形特征、现有气象监测布局及分布式光 伏接入现状，完成前期文献调研与技术梳理。 2.组建研发团队并明确分工，搜集凉山地区气象监测数 据，识别气象监测薄弱点，初步制定补全思路。 3.筛选分布式光伏核心影响气象要素，完成数据标准化处 理，搭建基础数据支撑体系。', 'completed', '2026-06-30 08:42:44'),
('ZH02-202604020-阶段2', 'ZH02-202604020', '研究阶段5.2', 2, '科研研究阶段', '2 0 2 6 年 7 月 1 日 — 2 0 2 6 年 9 月 3 0 日', '', '1.完成适应凉山地形的气象监测薄弱点识别及补全方案 研究。 2.确定“物理-统计”混合建模框架，完成预测模型核心 算法设计。', '1.深化气象监测薄弱点研究，结合凉山地形特点，制定科 学可行的监测点补全方案并完成验证优化。 2.设计分布式光伏气象要素精细化预测模型框架，确定 “物理-统计”混合建模核心思路，完成算法初步设计。', 'completed', '2026-06-30 08:42:44'),
('ZH02-202604020-阶段3', 'ZH02-202604020', '研究阶段5.3', 3, '科研研究阶段', '2026 年  10 月  1 日 — 2026 年  12 月 31 日', '', '1.完成分布式光伏气象要素精细化预测模型优化。 2.完成气象要素对分布式光伏预测精度影响研究。 3.完成首项发明专利交底书撰写并提交申请。', '1.构建分布式光伏气象要素精细化预测模型，融入凉山地 形校正因子，完成模型初步调试与参数优化。 2.开展气象要素对光伏预测精度的影响机理研究，明确关 键影响因子及作用规律，建立量化分析模型。 3.梳理核心技术成果，撰写首项发明专利交底书，启动专 利申报工作。', 'pending', '2026-06-30 08:42:44'),
('ZH02-202604020-阶段4', 'ZH02-202604020', '研究阶段5.4', 4, '科研研究阶段', '2027 年  1 月 1 日 —2027 年 3 月 31 日', '', '1.完成高分辨率太阳辐照度精细化预测模型构建，实现模 型正常运行。 2.完成《四川电力技术》论文初稿撰写，完成第二项发明 专利交底书撰写并提交申请。', '1.构建基于“物理-统计”混合建模的高分辨率太阳辐照 度精细化预测模型，完成模型集成与调试。 2.梳理模型研究及影响分析成果，撰写《四川电力技术》 论文初稿；筹备第二项发明专利申报。', 'pending', '2026-06-30 08:42:44'),
('ZH02-202604020-阶段5', 'ZH02-202604020', '研究阶段5.5', 5, '科研研究阶段', '2027 年 4月  1 日 —2027 年 6 月 30 日', '', '1.完成模型典型日测试，分布式光伏预测平均精度稳定提 升至83%以上。 2.完成《四川电力技术》论文修改并提交发表或录用；完 成技术总报告初稿撰写。', '1.开展精细化预测模型典型日运行测试，累计测试不少于 30天，优化模型参数确保精度达标。 2.修改完善《四川电力技术》论文并提交发表或录用申请； 启动项目技术总报告撰写。', 'pending', '2026-06-30 08:42:44'),
('ZH02-202604020-阶段6', 'ZH02-202604020', '研究阶段5.6', 6, '科研研究阶段', '2027 年 7 月 1 日 —2027 年  10 月 31 日', '', '1.完成技术总报告终稿，完成财务决算报告、审计报告编 制。 2.完成所有验收资料整理归档，确保最终成果齐全规范， 符合验收标准。 3.提交验收申请，配合完成专家正式验收。', '1.完善项目技术总报告，整理全周期研究资料，编制财务 决算报告，对接审计机构完成审计报告编制。 2.梳理专利、论文、模型、报告等全部最终成果，完善验 收资料体系，规范归档。 3.提交验收申请及全套验收资料，配合专家开展验收及问 题整改。', 'pending', '2026-06-30 08:42:44'),
('SGSCAB00HLJS2600427-阶段1', 'SGSCAB00HLJS2600427', '研究阶段1', 1, '科研研究阶段', '2026-05 至 2026-08', '', '[''完成算法设计'', ''提交研究报告1份'']', '高斯三维建模算法研究', 'completed', '2026-06-30 08:42:44'),
('SGSCAB00HLJS2600427-阶段2', 'SGSCAB00HLJS2600427', '研究阶段2', 2, '科研研究阶段', '2026-09 至 2026-12', '', '[''完成识别模型训练'', ''申请发明专利1项'']', '树障识别算法开发', 'pending', '2026-06-30 08:42:44'),
('SGSCAB00HLJS2600427-阶段3', 'SGSCAB00HLJS2600427', '研究阶段3', 3, '科研研究阶段', '2027-01 至 2027-04', '', '[''完成工具开发'', ''发表论文1篇'']', '智能分析工具开发', 'pending', '2026-06-30 08:42:44'),
('SGSCAB00HLJS2600427-阶段4', 'SGSCAB00HLJS2600427', '研究阶段4', 4, '科研研究阶段', '2027-05 至 2027-08', '', '[''完成试点部署'', ''提交试点报告'']', '现场试点与优化', 'pending', '2026-06-30 08:42:44'),
('SGSCAB00HLJS2600427-阶段5', 'SGSCAB00HLJS2600427', '研究阶段5', 5, '科研研究阶段', '2027-09 至 2027-10', '', '[''提交验收材料'', ''完成验收'']', '项目验收', 'pending', '2026-06-30 08:42:44'),
('SGSCCD00XJS2600530-阶段1', 'SGSCCD00XJS2600530', '研究阶段5.1', 1, '科研研究阶段', '2026-01-01 至 2026-06-30', '', '[''配合构建风险辨识多维度量化评估模型'', ''提交相关研究报告1份'']', '变电站域无人机风险辨识与评估研究', 'completed', '2026-06-30 08:42:44'),
('SGSCCD00XJS2600530-阶段2', 'SGSCCD00XJS2600530', '研究阶段5.2', 2, '科研研究阶段', '2026-07-01 至 2026-09-30', '', '[''基于无线电侦测技术，完成无人机违规或失控飞行对变电站的威胁风险评估体系构建'', ''形成可落地的侦测策略'', ''提交相关研究报告1份'']', '完成基于无线电侦测技术的无人机识别、定位方法，建立无人机违规或失控飞行对变电站的威胁分析模型的研究', 'completed', '2026-06-30 08:42:44'),
('SGSCCD00XJS2600530-阶段3', 'SGSCCD00XJS2600530', '研究阶段5.3', 3, '科研研究阶段', '2026-10-01 至 2026-12-31', '', '["配合搭建''政府监管-企业负责-行业自律-公众监督''的多主体协同政策框架", ''配合申请发明专利1项'']', '无人机风险防控政策体系构建与优化研究', 'pending', '2026-06-30 08:42:44'),
('SGSCCD00XJS2600530-阶段4', 'SGSCCD00XJS2600530', '研究阶段5.4', 4, '科研研究阶段', '2027-01-01 至 2027-03-31', '', '[''实现对卫星导航定位无人机干扰'', ''提交相关研究报告1份'', ''配合发表《四川电力技术》论文1篇'']', '完成可稳定生成再生卫星导航欺骗信号的无线电诱骗模块研发', 'pending', '2026-06-30 08:42:44'),
('SGSCCD00XJS2600530-阶段5', 'SGSCCD00XJS2600530', '研究阶段5.5', 5, '科研研究阶段', '2027-04-01 至 2027-06-30', '', '[''形成变电站域反制无人机无线电系统硬件终端装置1套'', ''配合申请发明专利1项'']', '整合侦测与诱骗功能，开发变电站域反制无人机无线电系统硬件终端装置', 'pending', '2026-06-30 08:42:44'),
('SGSCCD00XJS2600530-阶段6', 'SGSCCD00XJS2600530', '研究阶段5.6', 6, '科研研究阶段', '2027-07-01 至 2027-09-30', '', '[''在选定的代表性变电站建成1套反制无人机系统应用示范站点'', ''配合发表三大检索或中文核心期刊论文1篇'']', '完成变电站域反制无人机系统应用示范', 'pending', '2026-06-30 08:42:44'),
('SGSCCD00XJS2600530-阶段7', 'SGSCCD00XJS2600530', '研究阶段5.7', 7, '科研研究阶段', '2027-10-01 至 2027-10-31', '', '[''提交《基于无线电侦测和诱骗的变电站站域无人机风险防范关键技术研究》技术报告1份'', ''出具项目经费报告和审计报告'', ''以上所有工作任务中撰写的论文已发表或已录用'', ''以上所有工作任务中撰写的发明专利已受理'']', '开展项目研究总结，准备项目验收资料', 'pending', '2026-06-30 08:42:44'),
('ZH02-202509025-S10', 'ZH02-202509025', '10.  陈述与保证', 10, NULL, '', '', '10.  陈述与保证', NULL, 'pending', '2026-07-01 05:26:12'),
('ZH02-202509025-S11', 'ZH02-202509025', '11.  风险承担', 11, NULL, '', '', '11.  风险承担', NULL, 'pending', '2026-07-01 05:26:12'),
('ZH02-202509025-S12', 'ZH02-202509025', '12.  研究成果的归属', 12, NULL, '', '', '12.  研究成果的归属', NULL, 'pending', '2026-07-01 05:26:12'),
('ZH02-202509025-S2', 'ZH02-202509025', '14.6任何一方违反本合同的约定，应当按照《中华人民共和 国民法典》的规定承担违约责任。', 2, NULL, '', '', '14.6任何一方违反本合同的约定，应当按照《中华人民共和 国民法典》的规定承担违约责任。', NULL, 'pending', '2026-07-01 05:26:12'),
('ZH02-202509025-S15', 'ZH02-202509025', '15.  合同的变更', 15, NULL, '', '', '15.  合同的变更', NULL, 'pending', '2026-07-01 05:26:12'),
('待补充-新型电力系统背景下虚拟电厂控制策略及运行方法研究-正式合同(-S10', '待补充-新型电力系统背景下虚拟电厂控制策略及运行方法研究-正式合同(', '10. 陈述与保证', 10, NULL, '', '', '10. 陈述与保证', NULL, 'pending', '2026-07-01 05:26:12'),
('待补充-新型电力系统背景下虚拟电厂控制策略及运行方法研究-正式合同(-S11', '待补充-新型电力系统背景下虚拟电厂控制策略及运行方法研究-正式合同(', '11. 风险承担', 11, NULL, '', '', '11. 风险承担', NULL, 'pending', '2026-07-01 05:26:12'),
('待补充-新型电力系统背景下虚拟电厂控制策略及运行方法研究-正式合同(-S12', '待补充-新型电力系统背景下虚拟电厂控制策略及运行方法研究-正式合同(', '12. 研究成果的归属', 12, NULL, '', '', '12. 研究成果的归属', NULL, 'pending', '2026-07-01 05:26:12'),
('待补充-新型电力系统背景下虚拟电厂控制策略及运行方法研究-正式合同(-S13', '待补充-新型电力系统背景下虚拟电厂控制策略及运行方法研究-正式合同(', '13. 相关技术服务', 13, NULL, '', '', '13. 相关技术服务', NULL, 'pending', '2026-07-01 05:26:12'),
('待补充-新型电力系统背景下虚拟电厂控制策略及运行方法研究-正式合同(-S2', '待补充-新型电力系统背景下虚拟电厂控制策略及运行方法研究-正式合同(', '(1)乙方违反第2条、第3条、第4条或第5条约定的，甲 方有权扣减或拒绝支付应由甲方支付的项目经费，', 2, NULL, '', '', '(1)乙方违反第2条、第3条、第4条或第5条约定的，甲 方有权扣减或拒绝支付应由甲方支付的项目经费，或要求乙方退还 甲方已支付的项目经费。', NULL, 'pending', '2026-07-01 05:26:12'),
('待补充-新型电力系统背景下虚拟电厂控制策略及运行方法研究-正式合同(-S15', '待补充-新型电力系统背景下虚拟电厂控制策略及运行方法研究-正式合同(', '15. 合同的变更', 15, NULL, '', '', '15. 合同的变更', NULL, 'pending', '2026-07-01 05:26:12'),
('待补充-新型电力系统背景下虚拟电厂控制策略及运行方法研究-正式合同(-S18', '待补充-新型电力系统背景下虚拟电厂控制策略及运行方法研究-正式合同(', '19', 18, NULL, '', '', '19', NULL, 'pending', '2026-07-01 05:26:12'),
('SGSCCD00XJS2600530-S5.1', 'SGSCCD00XJS2600530', '变电站域无人机风险辨识与评估研究', 5, NULL, '2026-01-01 至 2026-06-30', '', '配合构建风险辨识多维度量化评估模型; 提交相关研究报告1份', NULL, 'pending', '2026-07-01 05:26:38'),
('SGSCCD00XJS2600530-S5.2', 'SGSCCD00XJS2600530', '完成基于无线电侦测技术的无人机识别、定位方法，建立无人机违规或失控飞行对变电站的威胁分析模型的研究', 5, NULL, '2026-07-01 至 2026-09-30', '', '基于无线电侦测技术，完成无人机违规或失控飞行对变电站的威胁风险评估体系构建; 形成可落地的侦测策略; 提交相关研究报告1份', NULL, 'pending', '2026-07-01 05:26:38'),
('SGSCCD00XJS2600530-S5.3', 'SGSCCD00XJS2600530', '无人机风险防控政策体系构建与优化研究', 5, NULL, '2026-10-01 至 2026-12-31', '', '配合搭建''政府监管-企业负责-行业自律-公众监督''的多主体协同政策框架; 配合申请发明专利1项', NULL, 'pending', '2026-07-01 05:26:38'),
('SGSCCD00XJS2600530-S5.4', 'SGSCCD00XJS2600530', '完成可稳定生成再生卫星导航欺骗信号的无线电诱骗模块研发', 5, NULL, '2027-01-01 至 2027-03-31', '', '实现对卫星导航定位无人机干扰; 提交相关研究报告1份; 配合发表《四川电力技术》论文1篇', NULL, 'pending', '2026-07-01 05:26:38'),
('SGSCCD00XJS2600530-S5.5', 'SGSCCD00XJS2600530', '整合侦测与诱骗功能，开发变电站域反制无人机无线电系统硬件终端装置', 5, NULL, '2027-04-01 至 2027-06-30', '', '形成变电站域反制无人机无线电系统硬件终端装置1套; 配合申请发明专利1项', NULL, 'pending', '2026-07-01 05:26:38');
INSERT INTO `stages` (`0`, `1`, `2`, `3`, `4`, `5`, `6`, `7`, `8`, `9`, `10`) VALUES
('SGSCCD00XJS2600530-S5.6', 'SGSCCD00XJS2600530', '完成变电站域反制无人机系统应用示范', 5, NULL, '2027-07-01 至 2027-09-30', '', '在选定的代表性变电站建成1套反制无人机系统应用示范站点; 配合发表三大检索或中文核心期刊论文1篇', NULL, 'pending', '2026-07-01 05:26:38'),
('SGSCCD00XJS2600530-S5.7', 'SGSCCD00XJS2600530', '开展项目研究总结，准备项目验收资料', 5, NULL, '2027-10-01 至 2027-10-31', '', '提交《基于无线电侦测和诱骗的变电站站域无人机风险防范关键技术研究》技术报告1份; 出具项目经费报告和审计报告; 以上所有工作任务中撰写的论文已发表或已录用; 以上所有工作任务中撰写的发明专利已受理', NULL, 'pending', '2026-07-01 05:26:38'),
('SGSCAB00HLJS2600427-S1', 'SGSCAB00HLJS2600427', '高斯三维建模算法研究', 1, NULL, '2026-05 至 2026-08', '', '完成算法设计; 提交研究报告1份', NULL, 'completed', '2026-07-01 05:26:38'),
('SGSCAB00HLJS2600427-S2', 'SGSCAB00HLJS2600427', '树障识别算法开发', 2, NULL, '2026-09 至 2026-12', '', '完成识别模型训练; 申请发明专利1项', NULL, 'pending', '2026-07-01 05:26:38'),
('SGSCAB00HLJS2600427-S3', 'SGSCAB00HLJS2600427', '智能分析工具开发', 3, NULL, '2027-01 至 2027-04', '', '完成工具开发; 发表论文1篇', NULL, 'pending', '2026-07-01 05:26:38'),
('SGSCAB00HLJS2600427-S4', 'SGSCAB00HLJS2600427', '现场试点与优化', 4, NULL, '2027-05 至 2027-08', '', '完成试点部署; 提交试点报告', NULL, 'pending', '2026-07-01 05:26:38'),
('SGSCAB00HLJS2600427-S5', 'SGSCAB00HLJS2600427', '项目验收', 5, NULL, '2027-09 至 2027-10', '', '提交验收材料; 完成验收', NULL, 'pending', '2026-07-01 05:26:38'),
('待补充-S1', '待补充', '隧道结构三维建模技术研究', 1, NULL, '2026-05 至 2026-10', '', '完成建模方法研究; 提交研究报告', NULL, 'pending', '2026-07-01 05:26:38'),
('待补充-S2', '待补充', '智能监测平台开发', 2, NULL, '2026-11 至 2027-04', '', '完成平台开发; 申请发明专利1项', NULL, 'pending', '2026-07-01 05:26:38'),
('待补充-S3', '待补充', '现场试点与优化', 3, NULL, '2027-05 至 2027-10', '', '完成试点部署; 发表论文1篇', NULL, 'pending', '2026-07-01 05:26:38'),
('待补充-S4', '待补充', '项目验收', 4, NULL, '2027-11 至 2028-04', '', '提交验收材料; 完成验收', NULL, 'pending', '2026-07-01 05:26:38'),
('SGSCCD-S1', 'SGSCCD', '研究内容收资、调研，确定研究技术路线', 1, NULL, '2026-05 至 2026-08', '', '完成研究内容收资、调研; 提交研究实施方案', NULL, 'completed', '2026-07-01 05:26:38'),
('SGSCCD-S2', 'SGSCCD', '大语言模型在保护定值核对中的应用研究', 2, NULL, '2026-09 至 2026-12', '', '完成大语言模型应用方法研究; 提交研究报告1份', NULL, 'pending', '2026-07-01 05:26:38'),
('SGSCCD-S3', 'SGSCCD', '保护定值及压板自动核对系统开发', 3, NULL, '2027-01 至 2027-04', '', '完成系统开发; 申请发明专利1项', NULL, 'pending', '2026-07-01 05:26:38'),
('SGSCCD-S4', 'SGSCCD', '系统测试与示范应用', 4, NULL, '2027-05 至 2027-08', '', '完成系统测试; 发表论文1篇; 建成示范站点', NULL, 'pending', '2026-07-01 05:26:38'),
('SGSCCD-S5', 'SGSCCD', '项目总结与验收', 5, NULL, '2027-09 至 2027-10', '', '提交技术报告; 完成项目验收', NULL, 'pending', '2026-07-01 05:26:38'),
('ZH02-202604024-S5.1', 'ZH02-202604024', '变电站域无人机风险辨识与评估研究', 1, NULL, '2026-01-01 至 2026-06-30', NULL, '配合构建风险辨识多维度量化评估模型; 提交相关研究报告1份', NULL, 'pending', '2026-07-03 01:10:59'),
('ZH02-202604024-S5.2', 'ZH02-202604024', '完成基于无线电侦测技术的无人机识别、定位方法，建立无人机违规或失控飞行对变电站的威胁分析模型的研究', 2, NULL, '2026-07-01 至 2026-09-30', NULL, '基于无线电侦测技术，完成无人机违规或失控飞行对变电站的威胁风险评估体系构建; 形成可落地的侦测策略; 提交相关研究报告1份', NULL, 'pending', '2026-07-03 01:10:59'),
('ZH02-202604024-S5.3', 'ZH02-202604024', '无人机风险防控政策体系构建与优化研究', 3, NULL, '2026-10-01 至 2026-12-31', NULL, '配合搭建''政府监管-企业负责-行业自律-公众监督''的多主体协同政策框架; 配合申请发明专利1项', NULL, 'pending', '2026-07-03 01:10:59'),
('ZH02-202604024-S5.4', 'ZH02-202604024', '完成可稳定生成再生卫星导航欺骗信号的无线电诱骗模块研发', 4, NULL, '2027-01-01 至 2027-03-31', NULL, '实现对卫星导航定位无人机干扰; 提交相关研究报告1份; 配合发表《四川电力技术》论文1篇', NULL, 'pending', '2026-07-03 01:10:59'),
('ZH02-202604024-S5.5', 'ZH02-202604024', '整合侦测与诱骗功能，开发变电站域反制无人机无线电系统硬件终端装置', 5, NULL, '2027-04-01 至 2027-06-30', NULL, '形成变电站域反制无人机无线电系统硬件终端装置1套; 配合申请发明专利1项', NULL, 'pending', '2026-07-03 01:10:59'),
('ZH02-202604024-S5.6', 'ZH02-202604024', '完成变电站域反制无人机系统应用示范', 6, NULL, '2027-07-01 至 2027-09-30', NULL, '在选定的代表性变电站建成1套反制无人机系统应用示范站点; 配合发表三大检索或中文核心期刊论文1篇', NULL, 'pending', '2026-07-03 01:10:59'),
('ZH02-202604024-S5.7', 'ZH02-202604024', '开展项目研究总结，准备项目验收资料', 7, NULL, '2027-10-01 至 2027-10-31', NULL, '提交《基于无线电侦测和诱骗的变电站站域无人机风险防范关键技术研究》技术报告1份; 出具项目经费报告和审计报告; 以上所有工作任务中撰写的论文已发表或已录用; 以上所有工作任务中撰写的发明专利已受理', NULL, 'pending', '2026-07-03 01:10:59'),
('ZH02-202604021-S1', 'ZH02-202604021', '高斯三维建模算法研究', 1, NULL, '2026-05 至 2026-08', NULL, '完成算法设计; 提交研究报告1份', NULL, 'pending', '2026-07-03 01:10:59'),
('ZH02-202604021-S2', 'ZH02-202604021', '树障识别算法开发', 2, NULL, '2026-09 至 2026-12', NULL, '完成识别模型训练; 申请发明专利1项', NULL, 'pending', '2026-07-03 01:10:59'),
('ZH02-202604021-S3', 'ZH02-202604021', '智能分析工具开发', 3, NULL, '2027-01 至 2027-04', NULL, '完成工具开发; 发表论文1篇', NULL, 'pending', '2026-07-03 01:10:59'),
('ZH02-202604021-S4', 'ZH02-202604021', '现场试点与优化', 4, NULL, '2027-05 至 2027-08', NULL, '完成试点部署; 提交试点报告', NULL, 'pending', '2026-07-03 01:10:59'),
('ZH02-202604021-S5', 'ZH02-202604021', '项目验收', 5, NULL, '2027-09 至 2027-10', NULL, '提交验收材料; 完成验收', NULL, 'pending', '2026-07-03 01:10:59'),
('ZH02-202604025-S1', 'ZH02-202604025', '研究内容收资、调研，确定研究技术路线', 1, NULL, '2026-05 至 2026-08', NULL, '完成研究内容收资、调研; 提交研究实施方案', NULL, 'pending', '2026-07-03 01:10:59'),
('ZH02-202604025-S2', 'ZH02-202604025', '大语言模型在保护定值核对中的应用研究', 2, NULL, '2026-09 至 2026-12', NULL, '完成大语言模型应用方法研究; 提交研究报告1份', NULL, 'pending', '2026-07-03 01:10:59'),
('ZH02-202604025-S3', 'ZH02-202604025', '保护定值及压板自动核对系统开发', 3, NULL, '2027-01 至 2027-04', NULL, '完成系统开发; 申请发明专利1项', NULL, 'pending', '2026-07-03 01:10:59'),
('ZH02-202604025-S4', 'ZH02-202604025', '系统测试与示范应用', 4, NULL, '2027-05 至 2027-08', NULL, '完成系统测试; 发表论文1篇; 建成示范站点', NULL, 'pending', '2026-07-03 01:10:59'),
('ZH02-202604025-S5', 'ZH02-202604025', '项目总结与验收', 5, NULL, '2027-09 至 2027-10', NULL, '提交技术报告; 完成项目验收', NULL, 'pending', '2026-07-03 01:10:59');

-- ===== supplier_contracts (24 rows) =====
DROP TABLE IF EXISTS `supplier_contracts`;
CREATE TABLE `supplier_contracts` (
`id` INT   AUTO_INCREMENT,
  id INTEGER PRIMARY KEY AUTOINCREMENT,,
`project_id` TEXT NOT NULL,
  project_id TEXT NOT NULL,,
`supplier_id` TEXT NOT NULL,
  supplier_id TEXT NOT NULL,,
`contract_amount` DECIMAL(15,4),
  contract_amount REAL,,
`contract_date` TEXT,
  contract_date TEXT,,
`invoice_total` DECIMAL(15,4)  DEFAULT 0,
  invoice_total REAL DEFAULT 0,,
`payment_total` DECIMAL(15,4)  DEFAULT 0,
  payment_total REAL DEFAULT 0,,
`unpaid` DECIMAL(15,4)  DEFAULT 0,
  unpaid REAL DEFAULT 0,,
`status` TEXT  DEFAULT 'active',
  status TEXT DEFAULT 'active',,
`created_at` DATETIME  DEFAULT CURRENT_TIMESTAMP,
  created_at TIMESTAMP DEFAULT CURRENT_TIMESTAMP,,
`FOREIGN` TEXT,
  FOREIGN KEY (project_id) REFERENCES contracts(contract_id),,
`FOREIGN` TEXT
) ENGINE=InnoDB DEFAULT CHARSET=utf8mb4 COLLATE=utf8mb4_unicode_ci;

-- supplier_contracts: 24 rows
INSERT INTO `supplier_contracts` (`0`, `1`, `2`, `3`, `4`, `5`, `6`, `7`, `8`, `9`) VALUES
(1, 'ZH02-202601010', 'SUP-64997', 217.4811, '2026-03-01', 29.811877000000003, 21.351279, 196.129821, 'active', '2026-07-01 06:02:08'),
(2, 'ZH02-202509025', 'SUP-38913', 100.0, '2025-09-26', 71.7552, 90.0, 10.0, 'active', '2026-07-01 06:02:08'),
(3, 'ZH02-202604026', 'SUP-70224', 86.7504, NULL, 0.0, 0.0, 0.0, 'active', '2026-07-01 06:02:08'),
(4, 'ZH02-202604026', 'SUP-48284', 69.138, '2026-06-02', 0.0, 0.0, 0.0, 'active', '2026-07-01 06:02:08'),
(5, 'ZH02-202601005', 'SUP-77596', 68.76, '2026-01-26', 22.23, 0.0, 46.53, 'active', '2026-07-01 06:02:08'),
(6, 'ZH02-202604020', 'SUP-11791', 64.3785, NULL, 0.0, 0.0, 0.0, 'active', '2026-07-01 06:02:08'),
(7, 'ZH02-202604021', 'SUP-99684', 60.9606, '2026-05-12', 60.9606, 60.9606, 0.0, 'active', '2026-07-01 06:02:08'),
(8, 'ZH02-202604023', 'SUP-69601', 50.8, '2026-06-24', 20.0, 0.0, 0.0, 'active', '2026-07-01 06:02:08'),
(9, 'ZH02-202507011', 'SUP-09008', 41.2552, NULL, 10.2, 10.2, 31.0552, 'active', '2026-07-01 06:02:08'),
(10, 'ZH02-202604029', 'SUP-85813', 37.825, NULL, 0.0, 0.0, 0.0, 'active', '2026-07-01 06:02:08'),
(11, 'ZH02-202508014', 'SUP-96547', 35.17, '2025-09-26', 35.17, 0.0, 1.0551, 'active', '2026-07-01 06:02:08'),
(12, 'ZH02-202604024', 'SUP-36793', 32.8, NULL, 0.0, 0.0, 0.0, 'active', '2026-07-01 06:02:08'),
(13, 'ZH02-202512058', 'SUP-64663', 31.5945, '2025-12-31', 31.5945, 31.5945, 0.0, 'active', '2026-07-01 06:02:08'),
(14, 'ZH02-202408007', 'SUP-79949', 26.8, NULL, 0.0, 7.2, 19.6, 'active', '2026-07-01 06:02:08'),
(15, 'ZH02-202602014', 'SUP-74911', 23.4684, '2026-03-17', 0.0, 0.0, 0.0, 'active', '2026-07-01 06:02:08'),
(16, 'ZH02-202511044', 'SUP-51868', 19.2508, NULL, 0.0, 0.0, 0.0, 'active', '2026-07-01 06:02:08'),
(17, 'ZH02-202601012', 'SUP-35702', 18.275, '2026-03-06', 0.0, 0.0, 0.0, 'active', '2026-07-01 06:02:08'),
(18, 'ZH02-202601004', 'SUP-65626', 17.8939, '2026-02-27', 0.0, 0.0, 0.0, 'active', '2026-07-01 06:02:08'),
(19, 'ZH02-202604028', 'SUP-09539', 17.3856, '2026-05-11', 0.0, 0.0, 0.0, 'active', '2026-07-01 06:02:08'),
(20, 'ZH02-202512057', 'SUP-36047', 16.9812, NULL, 12.311289, 2.40562, 9.905669, 'active', '2026-07-01 06:02:08'),
(21, 'ZH02-202603015', 'SUP-50963', 16.94, '2026-04-08', 16.94, 16.94, 0.0, 'active', '2026-07-01 06:02:08'),
(22, 'ZH02-202512056', 'SUP-64867', 14.0, NULL, 0.0, 0.0, 0.0, 'active', '2026-07-01 06:02:08'),
(23, 'ZH02-202509024', 'SUP-33597', 12.4, '2025-10-11', 1.24, 0.0, 1.24, 'active', '2026-07-01 06:02:08'),
(24, 'ZH02-202604018', 'SUP-79671', 4.8, NULL, 0.0, 0.0, 0.0, 'active', '2026-07-01 06:02:08');

-- ===== suppliers (24 rows) =====
DROP TABLE IF EXISTS `suppliers`;
CREATE TABLE `suppliers` (
`supplier_id` TEXT,
  supplier_id TEXT PRIMARY KEY,,
`supplier_name` TEXT NOT NULL,
  supplier_name TEXT NOT NULL,,
`short_name` TEXT,
  short_name TEXT,,
`credit_code` TEXT,
  credit_code TEXT,,
`contact_person` TEXT,
  contact_person TEXT,,
`contact_phone` TEXT,
  contact_phone TEXT,,
`category` TEXT,
  category TEXT,,
`total_contract_amount` DECIMAL(15,4)  DEFAULT 0,
  total_contract_amount REAL DEFAULT 0,,
`total_invoiced` DECIMAL(15,4)  DEFAULT 0,
  total_invoiced REAL DEFAULT 0,,
`total_paid` DECIMAL(15,4)  DEFAULT 0,
  total_paid REAL DEFAULT 0,,
`total_unpaid` DECIMAL(15,4)  DEFAULT 0,
  total_unpaid REAL DEFAULT 0,,
`contract_count` INT  DEFAULT 0,
  contract_count INTEGER DEFAULT 0,,
`status` TEXT  DEFAULT 'active',
  status TEXT DEFAULT 'active',,
`evaluation` TEXT,
  evaluation TEXT,,
`notes` TEXT,
  notes TEXT,,
`first_cooperation_date` TEXT,
  first_cooperation_date TEXT,,
`created_at` DATETIME  DEFAULT CURRENT_TIMESTAMP,
  created_at TIMESTAMP DEFAULT CURRENT_TIMESTAMP,,
`updated_at` DATETIME  DEFAULT CURRENT_TIMESTAMP
) ENGINE=InnoDB DEFAULT CHARSET=utf8mb4 COLLATE=utf8mb4_unicode_ci;

-- suppliers: 24 rows
INSERT INTO `suppliers` (`0`, `1`, `2`, `3`, `4`, `5`, `6`, `7`, `8`, `9`, `10`, `11`, `12`, `13`, `14`, `15`, `16`, `17`) VALUES
('SUP-64997', '成都振华永创科技有限公司', NULL, NULL, NULL, NULL, '未分类', 217.4811, 29.811877000000003, 21.351279, 196.129821, 1, 'active', NULL, NULL, NULL, '2026-07-01 06:02:08', '2026-07-01 06:02:08'),
('SUP-38913', '传申弘安智能(深圳)有限公司', NULL, NULL, NULL, NULL, '未分类', 100.0, 71.7552, 90.0, 10.0, 1, 'active', NULL, NULL, NULL, '2026-07-01 06:02:08', '2026-07-01 06:02:08'),
('SUP-70224', '四川大川云能科技有限公司', NULL, NULL, NULL, NULL, '未分类', 86.7504, 0.0, 0.0, 0.0, 1, 'active', NULL, NULL, NULL, '2026-07-01 06:02:08', '2026-07-01 06:02:08'),
('SUP-48284', '成都盛茂基业科技有限公司', NULL, NULL, NULL, NULL, '未分类', 69.138, 0.0, 0.0, 0.0, 1, 'active', NULL, NULL, NULL, '2026-07-01 06:02:08', '2026-07-01 06:02:08'),
('SUP-77596', '成都市美幻科技有限公司', NULL, NULL, NULL, NULL, '未分类', 68.76, 22.23, 0.0, 46.53, 1, 'active', NULL, NULL, NULL, '2026-07-01 06:02:08', '2026-07-01 06:02:08'),
('SUP-11791', '国能日新科技股份有限公司', NULL, NULL, NULL, NULL, '未分类', 64.3785, 0.0, 0.0, 0.0, 1, 'active', NULL, NULL, NULL, '2026-07-01 06:02:08', '2026-07-01 06:02:08'),
('SUP-99684', '四川诺特科技有限公司', NULL, NULL, NULL, NULL, '未分类', 60.9606, 60.9606, 60.9606, 0.0, 1, 'active', NULL, NULL, NULL, '2026-07-01 06:02:08', '2026-07-01 06:02:08'),
('SUP-69601', '成都星感智联科技有限公司', NULL, NULL, NULL, NULL, '未分类', 50.8, 20.0, 0.0, 0.0, 1, 'active', NULL, NULL, NULL, '2026-07-01 06:02:08', '2026-07-01 06:02:08'),
('SUP-09008', '重庆理工大学', NULL, NULL, NULL, NULL, '未分类', 41.2552, 10.2, 10.2, 31.0552, 1, 'active', NULL, NULL, NULL, '2026-07-01 06:02:08', '2026-07-01 06:02:08'),
('SUP-85813', '绵阳杰翊图文设计有限公司', NULL, NULL, NULL, NULL, '未分类', 37.825, 0.0, 0.0, 0.0, 1, 'active', NULL, NULL, NULL, '2026-07-01 06:02:08', '2026-07-01 06:02:08'),
('SUP-96547', '成都科宇电气设备维修
有限公司', NULL, NULL, NULL, NULL, '未分类', 35.17, 35.17, 0.0, 1.0551, 1, 'active', NULL, NULL, NULL, '2026-07-01 06:02:08', '2026-07-01 06:02:08'),
('SUP-36793', '西南科技大学', NULL, NULL, NULL, NULL, '未分类', 32.8, 0.0, 0.0, 0.0, 1, 'active', NULL, NULL, NULL, '2026-07-01 06:02:08', '2026-07-01 06:02:08'),
('SUP-64663', '浙江优能电力设计有限公司', NULL, NULL, NULL, NULL, '未分类', 31.5945, 31.5945, 31.5945, 0.0, 1, 'active', NULL, NULL, NULL, '2026-07-01 06:02:08', '2026-07-01 06:02:08'),
('SUP-79949', '淼翰数字科技(上海)有限公司', NULL, NULL, NULL, NULL, '未分类', 26.8, 0.0, 7.2, 19.6, 1, 'active', NULL, NULL, NULL, '2026-07-01 06:02:08', '2026-07-01 06:02:08'),
('SUP-74911', '成都舍南科技有限公司', NULL, NULL, NULL, NULL, '未分类', 23.4684, 0.0, 0.0, 0.0, 1, 'active', NULL, NULL, NULL, '2026-07-01 06:02:08', '2026-07-01 06:02:08'),
('SUP-51868', '四川久越电力科技有限公司', NULL, NULL, NULL, NULL, '未分类', 19.2508, 0.0, 0.0, 0.0, 1, 'active', NULL, NULL, NULL, '2026-07-01 06:02:08', '2026-07-01 06:02:08'),
('SUP-35702', '四川名扬广告有限责任公司', NULL, NULL, NULL, NULL, '未分类', 18.275, 0.0, 0.0, 0.0, 1, 'active', NULL, NULL, NULL, '2026-07-01 06:02:08', '2026-07-01 06:02:08'),
('SUP-65626', '都江堰匠筑建筑劳务有限公司', NULL, NULL, NULL, NULL, '未分类', 17.8939, 0.0, 0.0, 0.0, 1, 'active', NULL, NULL, NULL, '2026-07-01 06:02:08', '2026-07-01 06:02:08'),
('SUP-09539', '天津君秒安减灾科技有限公司', NULL, NULL, NULL, NULL, '未分类', 17.3856, 0.0, 0.0, 0.0, 1, 'active', NULL, NULL, NULL, '2026-07-01 06:02:08', '2026-07-01 06:02:08'),
('SUP-36047', '西华大学', NULL, NULL, NULL, NULL, '未分类', 16.9812, 12.311289, 2.40562, 9.905669, 1, 'active', NULL, NULL, NULL, '2026-07-01 06:02:08', '2026-07-01 06:02:08'),
('SUP-50963', '重庆博宇自动化系统装置有限公司', NULL, NULL, NULL, NULL, '未分类', 16.94, 16.94, 16.94, 0.0, 1, 'active', NULL, NULL, NULL, '2026-07-01 06:02:08', '2026-07-01 06:02:08'),
('SUP-64867', '东莞绿光新能源科技有限公司', NULL, NULL, NULL, NULL, '未分类', 14.0, 0.0, 0.0, 0.0, 1, 'active', NULL, NULL, NULL, '2026-07-01 06:02:08', '2026-07-01 06:02:08'),
('SUP-33597', '四川精宇测绘有限公司', NULL, NULL, NULL, NULL, '未分类', 12.4, 1.24, 0.0, 1.24, 1, 'active', NULL, NULL, NULL, '2026-07-01 06:02:08', '2026-07-01 06:02:08'),
('SUP-79671', '四川华城工程设计咨询有限公司', NULL, NULL, NULL, NULL, '未分类', 4.8, 0.0, 0.0, 0.0, 1, 'active', NULL, NULL, NULL, '2026-07-01 06:02:08', '2026-07-01 06:02:08');

SET FOREIGN_KEY_CHECKS = 1;
-- Migration complete